id,name,language,functions,functions_with_kw,keywords/global.json,keywords/nonlocal.json,keywords/globals.json,keywords/locals.json,keywords/inspect.json,keywords/import.json,keywords/from_import.json,keywords/builtins.json,parse_error
844607287,projects/0/844607287-74f7e05d49cd35e9826228a4e839fa06f040f91d/philippbogdan-Scrabble-NEA-74f7e05/.history/dawg_20241002085714.py,python,18,0,0,0,0,0,0,0,0,0,84:5
844607287,projects/0/844607287-74f7e05d49cd35e9826228a4e839fa06f040f91d/philippbogdan-Scrabble-NEA-74f7e05/.history/dawg_20241007143747.py,python,19,0,0,0,0,0,0,0,0,0,99:20
844607287,projects/0/844607287-74f7e05d49cd35e9826228a4e839fa06f040f91d/philippbogdan-Scrabble-NEA-74f7e05/.history/dawg_20240930142826.py,python,6,0,0,0,0,0,0,0,0,0,36:17
324564777,projects/0/324564777-fd3be88c67d5f018c5d641468ed6063a7a5f891a/ShravyaRNadig-Python_Roboslog_Intern-fd3be88/Medium Clone Wbsite Using  Flask/article.py,python,1,0,0,0,0,0,0,0,0,0,9:9
844607287,projects/0/844607287-74f7e05d49cd35e9826228a4e839fa06f040f91d/philippbogdan-Scrabble-NEA-74f7e05/.history/Scrabble_20241021145527.py,python,87,0,0,0,0,0,0,0,0,0,1079:25
262744748,projects/0/262744748-dcea719f588cdaa7cba2676e02058405b9bc347d/Legedith-Danke_Schoen-dcea719/main.py,python,14,0,0,0,0,0,0,0,0,0,211:26
844607287,projects/0/844607287-74f7e05d49cd35e9826228a4e839fa06f040f91d/philippbogdan-Scrabble-NEA-74f7e05/.history/dawg_20241002090552.py,python,19,0,0,0,0,0,0,0,0,0,86:12
844607287,projects/0/844607287-74f7e05d49cd35e9826228a4e839fa06f040f91d/philippbogdan-Scrabble-NEA-74f7e05/.history/dawg_20241008083544.py,python,19,0,0,0,0,0,0,0,0,0,97:13
160894158,projects/0/160894158-bc60d1b59d5e51971cce505d130fa2862301601e/cms-lpc-llp-h-to-ss1ss2-madgraph-bc60d1b/mg5_amc_output/ppTohToSS1SS2_SS1Tobb_SS2Toveve/bin/internal/common_run_interface.py,python,147,17,0,0,0,0,0,15,3,0,2621:71
844607287,projects/0/844607287-74f7e05d49cd35e9826228a4e839fa06f040f91d/philippbogdan-Scrabble-NEA-74f7e05/.history/Scrabble_20241021154449.py,python,89,0,0,0,0,0,0,0,0,0,983:9
844607287,projects/0/844607287-74f7e05d49cd35e9826228a4e839fa06f040f91d/philippbogdan-Scrabble-NEA-74f7e05/.history/dawg_20240930144058.py,python,10,0,0,0,0,0,0,0,0,0,53:5
844607287,projects/0/844607287-74f7e05d49cd35e9826228a4e839fa06f040f91d/philippbogdan-Scrabble-NEA-74f7e05/.history/dawg_20241015084845.py,python,33,0,0,0,0,0,0,0,0,0,252:5
844607287,projects/0/844607287-74f7e05d49cd35e9826228a4e839fa06f040f91d/philippbogdan-Scrabble-NEA-74f7e05/.history/dawg_20241002084259.py,python,16,0,0,0,0,0,0,0,0,0,83:17
844607287,projects/0/844607287-74f7e05d49cd35e9826228a4e839fa06f040f91d/philippbogdan-Scrabble-NEA-74f7e05/.history/dawg_20241002085522.py,python,18,0,0,0,0,0,0,0,0,0,82:20
844607287,projects/0/844607287-74f7e05d49cd35e9826228a4e839fa06f040f91d/philippbogdan-Scrabble-NEA-74f7e05/.history/dawg_20241010141333.py,python,28,0,0,0,0,0,0,0,0,0,196:9
844607287,projects/0/844607287-74f7e05d49cd35e9826228a4e839fa06f040f91d/philippbogdan-Scrabble-NEA-74f7e05/.history/dawg_20241002083752.py,python,15,0,0,0,0,0,0,0,0,0,75:25
122073636,projects/0/122073636-efb1d11e5abfa569c53b5b865d956bb8ee4bec95/developersociety-serverless-template-efb1d11/{{cookiecutter.project_slug}}/fabfile.py,python,5,0,0,0,0,0,0,0,0,0,5:63
844607287,projects/0/844607287-74f7e05d49cd35e9826228a4e839fa06f040f91d/philippbogdan-Scrabble-NEA-74f7e05/.history/dawg_20241014151908.py,python,31,0,0,0,0,0,0,0,0,0,192:5
844607287,projects/0/844607287-74f7e05d49cd35e9826228a4e839fa06f040f91d/philippbogdan-Scrabble-NEA-74f7e05/.history/dawg_20240930143741.py,python,8,0,0,0,0,0,0,0,0,0,25:31
844607287,projects/0/844607287-74f7e05d49cd35e9826228a4e839fa06f040f91d/philippbogdan-Scrabble-NEA-74f7e05/.history/test4_20241017155006.py,python,0,0,0,0,0,0,0,0,0,0,15:36
844607287,projects/0/844607287-74f7e05d49cd35e9826228a4e839fa06f040f91d/philippbogdan-Scrabble-NEA-74f7e05/.history/test3_20240909140513.py,python,0,0,0,0,0,0,0,0,0,0,21:1
844607287,projects/0/844607287-74f7e05d49cd35e9826228a4e839fa06f040f91d/philippbogdan-Scrabble-NEA-74f7e05/.history/dawg_20240925092217.py,python,6,0,0,0,0,0,0,0,0,0,31:21
844607287,projects/0/844607287-74f7e05d49cd35e9826228a4e839fa06f040f91d/philippbogdan-Scrabble-NEA-74f7e05/.history/dawg_20241010141326.py,python,28,0,0,0,0,0,0,0,0,0,195:5
844607287,projects/0/844607287-74f7e05d49cd35e9826228a4e839fa06f040f91d/philippbogdan-Scrabble-NEA-74f7e05/.history/test2_20240820144154.py,python,2,0,0,0,0,0,0,0,0,0,23:2
844607287,projects/0/844607287-74f7e05d49cd35e9826228a4e839fa06f040f91d/philippbogdan-Scrabble-NEA-74f7e05/.history/test1_20240901114501.py,python,1,0,0,0,0,0,0,0,0,0,24:35
844607287,projects/0/844607287-74f7e05d49cd35e9826228a4e839fa06f040f91d/philippbogdan-Scrabble-NEA-74f7e05/.history/dawg_20241002084316.py,python,17,0,0,0,0,0,0,0,0,0,85:17
844607287,projects/0/844607287-74f7e05d49cd35e9826228a4e839fa06f040f91d/philippbogdan-Scrabble-NEA-74f7e05/.history/Scrabble_20241017145212.py,python,80,0,0,0,0,0,0,0,0,0,257:17
844607287,projects/0/844607287-74f7e05d49cd35e9826228a4e839fa06f040f91d/philippbogdan-Scrabble-NEA-74f7e05/.history/dawg_20240925092945.py,python,6,0,0,0,0,0,0,0,0,0,35:13
844607287,projects/0/844607287-74f7e05d49cd35e9826228a4e839fa06f040f91d/philippbogdan-Scrabble-NEA-74f7e05/.history/dawg_20241002090505.py,python,19,0,0,0,0,0,0,0,0,0,89:9
844607287,projects/0/844607287-74f7e05d49cd35e9826228a4e839fa06f040f91d/philippbogdan-Scrabble-NEA-74f7e05/.history/dawg_20241015084835.py,python,33,0,0,0,0,0,0,0,0,0,252:5
844607287,projects/0/844607287-74f7e05d49cd35e9826228a4e839fa06f040f91d/philippbogdan-Scrabble-NEA-74f7e05/.history/Scrabble_20241010142017.py,python,79,0,0,0,0,0,0,0,0,0,28:1
844607287,projects/0/844607287-74f7e05d49cd35e9826228a4e839fa06f040f91d/philippbogdan-Scrabble-NEA-74f7e05/.history/Scrabble_20241021144831.py,python,87,0,0,0,0,0,0,0,0,0,962:5
844607287,projects/0/844607287-74f7e05d49cd35e9826228a4e839fa06f040f91d/philippbogdan-Scrabble-NEA-74f7e05/.history/dawg_20241002083509.py,python,15,0,0,0,0,0,0,0,0,0,74:13
844607287,projects/0/844607287-74f7e05d49cd35e9826228a4e839fa06f040f91d/philippbogdan-Scrabble-NEA-74f7e05/.history/dawg_20241009090706.py,python,25,0,0,0,0,0,0,0,0,0,129:5
844607287,projects/0/844607287-74f7e05d49cd35e9826228a4e839fa06f040f91d/philippbogdan-Scrabble-NEA-74f7e05/.history/dawg_20241002084326.py,python,17,0,0,0,0,0,0,0,0,0,85:17
844607287,projects/0/844607287-74f7e05d49cd35e9826228a4e839fa06f040f91d/philippbogdan-Scrabble-NEA-74f7e05/.history/Scrabble_20241017154825.py,python,85,0,0,0,0,0,0,0,0,0,980:19
844607287,projects/0/844607287-74f7e05d49cd35e9826228a4e839fa06f040f91d/philippbogdan-Scrabble-NEA-74f7e05/.history/dawg_20240925092231.py,python,6,0,0,0,0,0,0,0,0,0,32:21
844607287,projects/0/844607287-74f7e05d49cd35e9826228a4e839fa06f040f91d/philippbogdan-Scrabble-NEA-74f7e05/.history/dawg_20240930142758.py,python,6,0,0,0,0,0,0,0,0,0,35:17
844607287,projects/0/844607287-74f7e05d49cd35e9826228a4e839fa06f040f91d/philippbogdan-Scrabble-NEA-74f7e05/.history/test3_20240902133352.py,python,0,0,0,0,0,0,0,0,0,0,1:1
844607287,projects/0/844607287-74f7e05d49cd35e9826228a4e839fa06f040f91d/philippbogdan-Scrabble-NEA-74f7e05/.history/Scrabble_20241010142129.py,python,79,0,0,0,0,0,0,0,0,0,28:1
844607287,projects/0/844607287-74f7e05d49cd35e9826228a4e839fa06f040f91d/philippbogdan-Scrabble-NEA-74f7e05/.history/dawg_20241007143949.py,python,19,0,0,0,0,0,0,0,0,0,130:9
844607287,projects/0/844607287-74f7e05d49cd35e9826228a4e839fa06f040f91d/philippbogdan-Scrabble-NEA-74f7e05/.history/dawg_20241008084244.py,python,19,0,0,0,0,0,0,0,0,0,84:77
844607287,projects/0/844607287-74f7e05d49cd35e9826228a4e839fa06f040f91d/philippbogdan-Scrabble-NEA-74f7e05/.history/Scrabble_20241015084039.py,python,82,0,0,0,0,0,0,0,0,0,539:13
844607287,projects/0/844607287-74f7e05d49cd35e9826228a4e839fa06f040f91d/philippbogdan-Scrabble-NEA-74f7e05/.history/test3_20240904182218.py,python,0,0,0,0,0,0,0,0,0,0,6:32
844607287,projects/0/844607287-74f7e05d49cd35e9826228a4e839fa06f040f91d/philippbogdan-Scrabble-NEA-74f7e05/.history/tmuapaper_20241022133827.py,python,1,0,0,0,0,0,0,0,0,0,49:1
844607287,projects/0/844607287-74f7e05d49cd35e9826228a4e839fa06f040f91d/philippbogdan-Scrabble-NEA-74f7e05/.history/Scrabble_20241021152713.py,python,87,0,0,0,0,0,0,0,0,0,1023:17
456077268,projects/0/456077268-b149fe335a0a349c9d6bc1dcb3433252ba4b2f13/arcAman07-Spotify-Tree-Task-b149fe3/chess.py,python,0,0,0,0,0,0,0,0,0,0,10:1
844607287,projects/0/844607287-74f7e05d49cd35e9826228a4e839fa06f040f91d/philippbogdan-Scrabble-NEA-74f7e05/.history/dawg_20241009083914.py,python,25,0,0,0,0,0,0,0,0,0,117:9
844607287,projects/0/844607287-74f7e05d49cd35e9826228a4e839fa06f040f91d/philippbogdan-Scrabble-NEA-74f7e05/.history/test3_20240909140503.py,python,0,0,0,0,0,0,0,0,0,0,21:1
844607287,projects/0/844607287-74f7e05d49cd35e9826228a4e839fa06f040f91d/philippbogdan-Scrabble-NEA-74f7e05/.history/dawg_20240925085628.py,python,4,0,0,0,0,0,0,0,0,0,8:9
844607287,projects/0/844607287-74f7e05d49cd35e9826228a4e839fa06f040f91d/philippbogdan-Scrabble-NEA-74f7e05/.history/dawg_20241002085737.py,python,18,0,0,0,0,0,0,0,0,0,84:5
844607287,projects/0/844607287-74f7e05d49cd35e9826228a4e839fa06f040f91d/philippbogdan-Scrabble-NEA-74f7e05/.history/dawg_20241008085504.py,python,20,0,0,0,0,0,0,0,0,0,91:60
844607287,projects/0/844607287-74f7e05d49cd35e9826228a4e839fa06f040f91d/philippbogdan-Scrabble-NEA-74f7e05/.history/Scrabble_20241017152353.py,python,83,0,0,0,0,0,0,0,0,0,258:21
844607287,projects/0/844607287-74f7e05d49cd35e9826228a4e839fa06f040f91d/philippbogdan-Scrabble-NEA-74f7e05/.history/test4_20241017152548.py,python,0,0,0,0,0,0,0,0,0,0,2:1
844607287,projects/0/844607287-74f7e05d49cd35e9826228a4e839fa06f040f91d/philippbogdan-Scrabble-NEA-74f7e05/.history/dawg_20241014151615.py,python,31,0,0,0,0,0,0,0,0,0,181:83
844607287,projects/0/844607287-74f7e05d49cd35e9826228a4e839fa06f040f91d/philippbogdan-Scrabble-NEA-74f7e05/.history/Scrabble_20241017145324.py,python,80,0,0,0,0,0,0,0,0,0,263:17
844607287,projects/0/844607287-74f7e05d49cd35e9826228a4e839fa06f040f91d/philippbogdan-Scrabble-NEA-74f7e05/.history/dawg_20241010141321.py,python,28,0,0,0,0,0,0,0,0,0,195:5
844607287,projects/0/844607287-74f7e05d49cd35e9826228a4e839fa06f040f91d/philippbogdan-Scrabble-NEA-74f7e05/.history/Scrabble_20241017153608.py,python,85,0,0,0,0,0,0,0,0,0,608:13
844607287,projects/0/844607287-74f7e05d49cd35e9826228a4e839fa06f040f91d/philippbogdan-Scrabble-NEA-74f7e05/.history/dawg_20241014153345.py,python,32,0,0,0,0,0,0,0,0,0,40:1
844607287,projects/0/844607287-74f7e05d49cd35e9826228a4e839fa06f040f91d/philippbogdan-Scrabble-NEA-74f7e05/.history/dawg_20241010141323.py,python,28,0,0,0,0,0,0,0,0,0,195:5
844607287,projects/0/844607287-74f7e05d49cd35e9826228a4e839fa06f040f91d/philippbogdan-Scrabble-NEA-74f7e05/.history/dawg_20241014144824.py,python,29,0,0,0,0,0,0,0,0,0,175:37
844607287,projects/0/844607287-74f7e05d49cd35e9826228a4e839fa06f040f91d/philippbogdan-Scrabble-NEA-74f7e05/.history/dawg_20241002084328.py,python,17,0,0,0,0,0,0,0,0,0,85:17
844607287,projects/0/844607287-74f7e05d49cd35e9826228a4e839fa06f040f91d/philippbogdan-Scrabble-NEA-74f7e05/.history/Scrabble_20241023084017.py,python,89,0,0,0,0,0,0,0,0,0,1043:56
844607287,projects/0/844607287-74f7e05d49cd35e9826228a4e839fa06f040f91d/philippbogdan-Scrabble-NEA-74f7e05/.history/Scrabble_20241010145616.py,python,82,0,0,0,0,0,0,0,0,0,542:5
844607287,projects/0/844607287-74f7e05d49cd35e9826228a4e839fa06f040f91d/philippbogdan-Scrabble-NEA-74f7e05/.history/dawg_20240925092358.py,python,7,0,0,0,0,0,0,0,0,0,32:21
844607287,projects/0/844607287-74f7e05d49cd35e9826228a4e839fa06f040f91d/philippbogdan-Scrabble-NEA-74f7e05/.history/dawg_20241009084128.py,python,25,0,0,0,0,0,0,0,0,0,121:9
844607287,projects/0/844607287-74f7e05d49cd35e9826228a4e839fa06f040f91d/philippbogdan-Scrabble-NEA-74f7e05/.history/test4_20241017152736.py,python,0,0,0,0,0,0,0,0,0,0,10:1
844607287,projects/0/844607287-74f7e05d49cd35e9826228a4e839fa06f040f91d/philippbogdan-Scrabble-NEA-74f7e05/.history/dawg_20240925091208.py,python,5,0,0,0,0,0,0,0,0,0,28:5
844607287,projects/0/844607287-74f7e05d49cd35e9826228a4e839fa06f040f91d/philippbogdan-Scrabble-NEA-74f7e05/.history/Scrabble_20241015085308.py,python,82,0,0,0,0,0,0,0,0,0,234:13
844607287,projects/0/844607287-74f7e05d49cd35e9826228a4e839fa06f040f91d/philippbogdan-Scrabble-NEA-74f7e05/.history/dawg_20241009091929.py,python,28,0,0,0,0,0,0,0,0,0,166:27
844607287,projects/0/844607287-74f7e05d49cd35e9826228a4e839fa06f040f91d/philippbogdan-Scrabble-NEA-74f7e05/.history/test4_20241017154915.py,python,0,0,0,0,0,0,0,0,0,0,18:1
844607287,projects/0/844607287-74f7e05d49cd35e9826228a4e839fa06f040f91d/philippbogdan-Scrabble-NEA-74f7e05/.history/Scrabble_20241010150016.py,python,83,0,0,0,0,0,0,0,0,0,544:13
844607287,projects/0/844607287-74f7e05d49cd35e9826228a4e839fa06f040f91d/philippbogdan-Scrabble-NEA-74f7e05/.history/dawg_20241007143924.py,python,19,0,0,0,0,0,0,0,0,0,128:15
844607287,projects/0/844607287-74f7e05d49cd35e9826228a4e839fa06f040f91d/philippbogdan-Scrabble-NEA-74f7e05/.history/dawg_20241002085525.py,python,18,0,0,0,0,0,0,0,0,0,82:47
844607287,projects/0/844607287-74f7e05d49cd35e9826228a4e839fa06f040f91d/philippbogdan-Scrabble-NEA-74f7e05/.history/test3_20240904181737.py,python,0,0,0,0,0,0,0,0,0,0,4:9
160894158,projects/0/160894158-bc60d1b59d5e51971cce505d130fa2862301601e/cms-lpc-llp-h-to-ss1ss2-madgraph-bc60d1b/mg5_amc_output/ppTohToSS1SS2_SS1Tobb_SS2Toveve/bin/internal/histograms.py,python,67,1,0,0,0,0,0,1,0,0,3508:13
844607287,projects/0/844607287-74f7e05d49cd35e9826228a4e839fa06f040f91d/philippbogdan-Scrabble-NEA-74f7e05/.history/Scrabble_20241021152617.py,python,87,0,0,0,0,0,0,0,0,0,1022:13
844607287,projects/0/844607287-74f7e05d49cd35e9826228a4e839fa06f040f91d/philippbogdan-Scrabble-NEA-74f7e05/.history/Scrabble_20241023085006.py,python,89,0,0,0,0,0,0,0,0,0,612:9
844607287,projects/0/844607287-74f7e05d49cd35e9826228a4e839fa06f040f91d/philippbogdan-Scrabble-NEA-74f7e05/.history/dawg_20241002091835.py,python,19,0,0,0,0,0,0,0,0,0,104:17
844607287,projects/0/844607287-74f7e05d49cd35e9826228a4e839fa06f040f91d/philippbogdan-Scrabble-NEA-74f7e05/.history/dawg_20240930144102.py,python,10,0,0,0,0,0,0,0,0,0,53:5
844607287,projects/0/844607287-74f7e05d49cd35e9826228a4e839fa06f040f91d/philippbogdan-Scrabble-NEA-74f7e05/.history/dawg_20241009090717.py,python,25,0,0,0,0,0,0,0,0,0,127:9
844607287,projects/0/844607287-74f7e05d49cd35e9826228a4e839fa06f040f91d/philippbogdan-Scrabble-NEA-74f7e05/.history/dawg_20241014152222.py,python,32,0,0,0,0,0,0,0,0,0,186:9
844607287,projects/0/844607287-74f7e05d49cd35e9826228a4e839fa06f040f91d/philippbogdan-Scrabble-NEA-74f7e05/.history/Scrabble_20241023084400.py,python,89,0,0,0,0,0,0,0,0,0,1047:54
844607287,projects/0/844607287-74f7e05d49cd35e9826228a4e839fa06f040f91d/philippbogdan-Scrabble-NEA-74f7e05/.history/Scrabble_20241015083837.py,python,82,0,0,0,0,0,0,0,0,0,537:9
844607287,projects/0/844607287-74f7e05d49cd35e9826228a4e839fa06f040f91d/philippbogdan-Scrabble-NEA-74f7e05/.history/dawg_20241008091151.py,python,22,0,0,0,0,0,0,0,0,0,124:5
121547621,projects/0/121547621-af3ac387e09dbb1289b3475ee807ad930de82efe/mobajunior-Deep-Learning-af3ac38/VGG/scripts/data_utils.py,python,42,2,0,0,0,0,0,1,1,0,591:34
844607287,projects/0/844607287-74f7e05d49cd35e9826228a4e839fa06f040f91d/philippbogdan-Scrabble-NEA-74f7e05/.history/dawg_20240925085507.py,python,3,0,0,0,0,0,0,0,0,0,13:5
844607287,projects/0/844607287-74f7e05d49cd35e9826228a4e839fa06f040f91d/philippbogdan-Scrabble-NEA-74f7e05/.history/Scrabble_20241023090757.py,python,89,0,0,0,0,0,0,0,0,0,1083:21
844607287,projects/0/844607287-74f7e05d49cd35e9826228a4e839fa06f040f91d/philippbogdan-Scrabble-NEA-74f7e05/.history/Scrabble_20241017155048.py,python,85,0,0,0,0,0,0,0,0,0,981:9
844607287,projects/0/844607287-74f7e05d49cd35e9826228a4e839fa06f040f91d/philippbogdan-Scrabble-NEA-74f7e05/.history/dawg_20241014144436.py,python,29,0,0,0,0,0,0,0,0,0,174:44
844607287,projects/0/844607287-74f7e05d49cd35e9826228a4e839fa06f040f91d/philippbogdan-Scrabble-NEA-74f7e05/.history/Scrabble_20241017155647.py,python,87,0,0,0,0,0,0,0,0,0,984:9
844607287,projects/0/844607287-74f7e05d49cd35e9826228a4e839fa06f040f91d/philippbogdan-Scrabble-NEA-74f7e05/.history/dawg_20240925092325.py,python,6,0,0,0,0,0,0,0,0,0,32:21
844607287,projects/0/844607287-74f7e05d49cd35e9826228a4e839fa06f040f91d/philippbogdan-Scrabble-NEA-74f7e05/.history/dawg_20241014152414.py,python,32,0,0,0,0,0,0,0,0,0,187:13
844607287,projects/0/844607287-74f7e05d49cd35e9826228a4e839fa06f040f91d/philippbogdan-Scrabble-NEA-74f7e05/.history/dawg_20241010141032.py,python,28,0,0,0,0,0,0,0,0,0,193:15
844607287,projects/0/844607287-74f7e05d49cd35e9826228a4e839fa06f040f91d/philippbogdan-Scrabble-NEA-74f7e05/.history/Scrabble_20241023091452.py,python,89,0,0,0,0,0,0,0,0,0,1074:66
844607287,projects/0/844607287-74f7e05d49cd35e9826228a4e839fa06f040f91d/philippbogdan-Scrabble-NEA-74f7e05/.history/dawg_20241014144732.py,python,29,0,0,0,0,0,0,0,0,0,175:23
844607287,projects/0/844607287-74f7e05d49cd35e9826228a4e839fa06f040f91d/philippbogdan-Scrabble-NEA-74f7e05/.history/dawg_20241002085732.py,python,18,0,0,0,0,0,0,0,0,0,84:5
844607287,projects/0/844607287-74f7e05d49cd35e9826228a4e839fa06f040f91d/philippbogdan-Scrabble-NEA-74f7e05/.history/Scrabble_20241017145558.py,python,82,0,0,0,0,0,0,0,0,0,266:21
844607287,projects/0/844607287-74f7e05d49cd35e9826228a4e839fa06f040f91d/philippbogdan-Scrabble-NEA-74f7e05/.history/dawg_20241014151718.py,python,31,0,0,0,0,0,0,0,0,0,193:5
844607287,projects/0/844607287-74f7e05d49cd35e9826228a4e839fa06f040f91d/philippbogdan-Scrabble-NEA-74f7e05/.history/Scrabble_20241017155357.py,python,87,0,0,0,0,0,0,0,0,0,1104:13
467246960,projects/0/467246960-5349e974795871331aa77a8bf75a319ad85a6e7a/AndreyZen-iSeals-5349e97/Design/bin/Debug/Python34/Lib/test/badsyntax_future8.py,python,1,0,0,0,0,0,0,0,0,0,3:1
844607287,projects/0/844607287-74f7e05d49cd35e9826228a4e839fa06f040f91d/philippbogdan-Scrabble-NEA-74f7e05/.history/dawg_20241014152146.py,python,32,0,0,0,0,0,0,0,0,0,186:9
844607287,projects/0/844607287-74f7e05d49cd35e9826228a4e839fa06f040f91d/philippbogdan-Scrabble-NEA-74f7e05/.history/Scrabble_20241023084018.py,python,89,0,0,0,0,0,0,0,0,0,1043:58
844607287,projects/0/844607287-74f7e05d49cd35e9826228a4e839fa06f040f91d/philippbogdan-Scrabble-NEA-74f7e05/.history/Scrabble_20241023083850.py,python,89,0,0,0,0,0,0,0,0,0,1043:51
844607287,projects/0/844607287-74f7e05d49cd35e9826228a4e839fa06f040f91d/philippbogdan-Scrabble-NEA-74f7e05/.history/Scrabble_20241017151128.py,python,82,0,0,0,0,0,0,0,0,0,271:21
844607287,projects/0/844607287-74f7e05d49cd35e9826228a4e839fa06f040f91d/philippbogdan-Scrabble-NEA-74f7e05/.history/Scrabble_20241023090808.py,python,89,0,0,0,0,0,0,0,0,0,1082:24
844607287,projects/0/844607287-74f7e05d49cd35e9826228a4e839fa06f040f91d/philippbogdan-Scrabble-NEA-74f7e05/.history/Scrabble_20241017153921.py,python,85,0,0,0,0,0,0,0,0,0,614:13
844607287,projects/0/844607287-74f7e05d49cd35e9826228a4e839fa06f040f91d/philippbogdan-Scrabble-NEA-74f7e05/.history/test3_20240909140605.py,python,0,0,0,0,0,0,0,0,0,0,21:56
511291271,projects/0/511291271-ea9db3199125bad1ac9a3a826618e44de146d90a/LizavetaVintsek-ScientificComputingWithPython-ea9db31/7. Exceptions (itertools)/HomeWork7.2.py,python,10,0,0,0,0,0,0,0,0,0,21:32
844607287,projects/0/844607287-74f7e05d49cd35e9826228a4e839fa06f040f91d/philippbogdan-Scrabble-NEA-74f7e05/.history/dawg_20241009090711.py,python,25,0,0,0,0,0,0,0,0,0,127:9
844607287,projects/0/844607287-74f7e05d49cd35e9826228a4e839fa06f040f91d/philippbogdan-Scrabble-NEA-74f7e05/.history/tmuapaper_20241022133825.py,python,1,0,0,0,0,0,0,0,0,0,49:1
344524463,projects/0/344524463-8b93a4f8f58373b623bdf7b15264f5de3ceb375f/castlejun-2-Algorithm-8b93a4f/Baekjoon Online Judge/Greedy/BOJ (1439).py,python,0,0,0,0,0,0,0,0,0,0,12:7
844607287,projects/0/844607287-74f7e05d49cd35e9826228a4e839fa06f040f91d/philippbogdan-Scrabble-NEA-74f7e05/.history/dawg_20241002085659.py,python,18,0,0,0,0,0,0,0,0,0,84:5
754405048,projects/0/754405048-9242e1a539f607bf1d71d17f5ef026442938313f/Yassir0123-alx-higher_level_programming-9242e1a/0x03-python-data_structures/100-test_lists.py,python,0,0,0,0,0,0,0,0,0,0,1:1
844607287,projects/0/844607287-74f7e05d49cd35e9826228a4e839fa06f040f91d/philippbogdan-Scrabble-NEA-74f7e05/.history/Scrabble_20241015084144.py,python,81,0,0,0,0,0,0,0,0,0,232:9
844607287,projects/0/844607287-74f7e05d49cd35e9826228a4e839fa06f040f91d/philippbogdan-Scrabble-NEA-74f7e05/.history/dawg_20241014152743.py,python,33,0,0,0,0,0,0,0,0,0,39:5
844607287,projects/0/844607287-74f7e05d49cd35e9826228a4e839fa06f040f91d/philippbogdan-Scrabble-NEA-74f7e05/.history/test1_20240828110942.py,python,0,0,0,0,0,0,0,0,0,0,10:1
844607287,projects/0/844607287-74f7e05d49cd35e9826228a4e839fa06f040f91d/philippbogdan-Scrabble-NEA-74f7e05/.history/dawg_20240925091043.py,python,4,0,0,0,0,0,0,0,0,0,25:5
844607287,projects/0/844607287-74f7e05d49cd35e9826228a4e839fa06f040f91d/philippbogdan-Scrabble-NEA-74f7e05/.history/Scrabble_20241014155140.py,python,82,0,0,0,0,0,0,0,0,0,540:17
844607287,projects/0/844607287-74f7e05d49cd35e9826228a4e839fa06f040f91d/philippbogdan-Scrabble-NEA-74f7e05/.history/test3_20240904181747.py,python,0,0,0,0,0,0,0,0,0,0,5:9
844607287,projects/0/844607287-74f7e05d49cd35e9826228a4e839fa06f040f91d/philippbogdan-Scrabble-NEA-74f7e05/.history/dawg_20240930145501.py,python,13,0,0,0,0,0,0,0,0,0,28:8
844607287,projects/0/844607287-74f7e05d49cd35e9826228a4e839fa06f040f91d/philippbogdan-Scrabble-NEA-74f7e05/.history/machinePlayer_20241010144521.py,python,0,0,0,0,0,0,0,0,0,0,3:1
844607287,projects/0/844607287-74f7e05d49cd35e9826228a4e839fa06f040f91d/philippbogdan-Scrabble-NEA-74f7e05/.history/test2_20240820144108.py,python,2,0,0,0,0,0,0,0,0,0,10:23
844607287,projects/0/844607287-74f7e05d49cd35e9826228a4e839fa06f040f91d/philippbogdan-Scrabble-NEA-74f7e05/.history/test1_20240828110021.py,python,0,0,0,0,0,0,0,0,0,0,9:9
844607287,projects/0/844607287-74f7e05d49cd35e9826228a4e839fa06f040f91d/philippbogdan-Scrabble-NEA-74f7e05/.history/dawg_20241014153441.py,python,33,0,0,0,0,0,0,0,0,0,39:5
844607287,projects/0/844607287-74f7e05d49cd35e9826228a4e839fa06f040f91d/philippbogdan-Scrabble-NEA-74f7e05/.history/dawg_20241009084805.py,python,25,0,0,0,0,0,0,0,0,0,123:13
844607287,projects/0/844607287-74f7e05d49cd35e9826228a4e839fa06f040f91d/philippbogdan-Scrabble-NEA-74f7e05/.history/dawg_20241009083615.py,python,24,0,0,0,0,0,0,0,0,0,116:9
844607287,projects/0/844607287-74f7e05d49cd35e9826228a4e839fa06f040f91d/philippbogdan-Scrabble-NEA-74f7e05/.history/dawg_20241009092027.py,python,28,0,0,0,0,0,0,0,0,0,169:72
844607287,projects/0/844607287-74f7e05d49cd35e9826228a4e839fa06f040f91d/philippbogdan-Scrabble-NEA-74f7e05/.history/dawg_20240930144109.py,python,10,0,0,0,0,0,0,0,0,0,53:5
844607287,projects/0/844607287-74f7e05d49cd35e9826228a4e839fa06f040f91d/philippbogdan-Scrabble-NEA-74f7e05/.history/Scrabble_20241021145620.py,python,87,0,0,0,0,0,0,0,0,0,1092:25
844607287,projects/0/844607287-74f7e05d49cd35e9826228a4e839fa06f040f91d/philippbogdan-Scrabble-NEA-74f7e05/.history/Scrabble_20241021144949.py,python,87,0,0,0,0,0,0,0,0,0,964:5
844607287,projects/0/844607287-74f7e05d49cd35e9826228a4e839fa06f040f91d/philippbogdan-Scrabble-NEA-74f7e05/.history/dawg_20240930144403.py,python,11,0,0,0,0,0,0,0,0,0,55:9
844607287,projects/0/844607287-74f7e05d49cd35e9826228a4e839fa06f040f91d/philippbogdan-Scrabble-NEA-74f7e05/.history/Scrabble_20241021154137.py,python,89,0,0,0,0,0,0,0,0,0,978:52
844607287,projects/0/844607287-74f7e05d49cd35e9826228a4e839fa06f040f91d/philippbogdan-Scrabble-NEA-74f7e05/.history/dawg_20241008084514.py,python,17,0,0,0,0,0,0,0,0,0,1:1
844607287,projects/0/844607287-74f7e05d49cd35e9826228a4e839fa06f040f91d/philippbogdan-Scrabble-NEA-74f7e05/.history/dawg_20241008084520.py,python,19,0,0,0,0,0,0,0,0,0,87:38
844607287,projects/0/844607287-74f7e05d49cd35e9826228a4e839fa06f040f91d/philippbogdan-Scrabble-NEA-74f7e05/.history/dawg_20240925084643.py,python,2,0,0,0,0,0,0,0,0,0,13:1
59277497,projects/0/59277497-6643ac67a150e1d7fdb924c8dde501f8c72fd40f/yixiaoyang-SmallData-6643ac6/kaggle/DigitRecognizer/model.py,python,8,0,0,0,0,0,0,0,0,0,23:48
844607287,projects/0/844607287-74f7e05d49cd35e9826228a4e839fa06f040f91d/philippbogdan-Scrabble-NEA-74f7e05/.history/Scrabble_20241010142331.py,python,72,0,0,0,0,0,0,0,0,0,36:1
844607287,projects/0/844607287-74f7e05d49cd35e9826228a4e839fa06f040f91d/philippbogdan-Scrabble-NEA-74f7e05/.history/dawg_20241015084841.py,python,33,0,0,0,0,0,0,0,0,0,252:5
844607287,projects/0/844607287-74f7e05d49cd35e9826228a4e839fa06f040f91d/philippbogdan-Scrabble-NEA-74f7e05/.history/dawg_20241014151253.py,python,31,0,0,0,0,0,0,0,0,0,30:5
844607287,projects/0/844607287-74f7e05d49cd35e9826228a4e839fa06f040f91d/philippbogdan-Scrabble-NEA-74f7e05/.history/dawg_20241014153418.py,python,33,0,0,0,0,0,0,0,0,0,39:5
844607287,projects/0/844607287-74f7e05d49cd35e9826228a4e839fa06f040f91d/philippbogdan-Scrabble-NEA-74f7e05/.history/dawg_20241007143941.py,python,19,0,0,0,0,0,0,0,0,0,129:5
844607287,projects/0/844607287-74f7e05d49cd35e9826228a4e839fa06f040f91d/philippbogdan-Scrabble-NEA-74f7e05/.history/dawg_20240930142811.py,python,6,0,0,0,0,0,0,0,0,0,36:17
844607287,projects/0/844607287-74f7e05d49cd35e9826228a4e839fa06f040f91d/philippbogdan-Scrabble-NEA-74f7e05/.history/dawg_20240925084545.py,python,1,0,0,0,0,0,0,0,0,0,9:1
844607287,projects/0/844607287-74f7e05d49cd35e9826228a4e839fa06f040f91d/philippbogdan-Scrabble-NEA-74f7e05/.history/Scrabble_20241021154411.py,python,88,0,0,0,0,0,0,0,0,0,981:9
844607287,projects/0/844607287-74f7e05d49cd35e9826228a4e839fa06f040f91d/philippbogdan-Scrabble-NEA-74f7e05/.history/dawg_20240930144139.py,python,11,0,0,0,0,0,0,0,0,0,54:9
844607287,projects/0/844607287-74f7e05d49cd35e9826228a4e839fa06f040f91d/philippbogdan-Scrabble-NEA-74f7e05/.history/Scrabble_20241017151132.py,python,82,0,0,0,0,0,0,0,0,0,271:21
844607287,projects/0/844607287-74f7e05d49cd35e9826228a4e839fa06f040f91d/philippbogdan-Scrabble-NEA-74f7e05/.history/dawg_20241014151618.py,python,31,0,0,0,0,0,0,0,0,0,181:89
844607287,projects/0/844607287-74f7e05d49cd35e9826228a4e839fa06f040f91d/philippbogdan-Scrabble-NEA-74f7e05/.history/Scrabble_20241015084138.py,python,81,0,0,0,0,0,0,0,0,0,235:5
844607287,projects/0/844607287-74f7e05d49cd35e9826228a4e839fa06f040f91d/philippbogdan-Scrabble-NEA-74f7e05/.history/dawg_20240930145559.py,python,15,0,0,0,0,0,0,0,0,0,38:24
844607287,projects/0/844607287-74f7e05d49cd35e9826228a4e839fa06f040f91d/philippbogdan-Scrabble-NEA-74f7e05/.history/dawg_20240930144126.py,python,10,0,0,0,0,0,0,0,0,0,53:5
844607287,projects/0/844607287-74f7e05d49cd35e9826228a4e839fa06f040f91d/philippbogdan-Scrabble-NEA-74f7e05/.history/dawg_20241002083657.py,python,15,0,0,0,0,0,0,0,0,0,75:17
844607287,projects/0/844607287-74f7e05d49cd35e9826228a4e839fa06f040f91d/philippbogdan-Scrabble-NEA-74f7e05/.history/dawg_20241008084952.py,python,19,0,0,0,0,0,0,0,0,0,93:32
844607287,projects/0/844607287-74f7e05d49cd35e9826228a4e839fa06f040f91d/philippbogdan-Scrabble-NEA-74f7e05/.history/Scrabble_20241015083832.py,python,82,0,0,0,0,0,0,0,0,0,532:9
844607287,projects/0/844607287-74f7e05d49cd35e9826228a4e839fa06f040f91d/philippbogdan-Scrabble-NEA-74f7e05/.history/dawg_20241009083608.py,python,24,0,0,0,0,0,0,0,0,0,116:5
844607287,projects/0/844607287-74f7e05d49cd35e9826228a4e839fa06f040f91d/philippbogdan-Scrabble-NEA-74f7e05/.history/Scrabble_20241021153715.py,python,88,0,0,0,0,0,0,0,0,0,1030:73
844607287,projects/0/844607287-74f7e05d49cd35e9826228a4e839fa06f040f91d/philippbogdan-Scrabble-NEA-74f7e05/.history/Scrabble_20241023085011.py,python,89,0,0,0,0,0,0,0,0,0,612:9
844607287,projects/0/844607287-74f7e05d49cd35e9826228a4e839fa06f040f91d/philippbogdan-Scrabble-NEA-74f7e05/.history/dawg_20241015085953.py,python,33,0,0,0,0,0,0,0,0,0,203:59
844607287,projects/0/844607287-74f7e05d49cd35e9826228a4e839fa06f040f91d/philippbogdan-Scrabble-NEA-74f7e05/.history/Scrabble_20241010142334.py,python,80,0,0,0,0,0,0,0,0,0,38:1
262744748,projects/0/262744748-dcea719f588cdaa7cba2676e02058405b9bc347d/Legedith-Danke_Schoen-dcea719/rhyme.py,python,6,0,0,0,0,0,0,0,0,0,96:9
844607287,projects/0/844607287-74f7e05d49cd35e9826228a4e839fa06f040f91d/philippbogdan-Scrabble-NEA-74f7e05/.history/dawg_20241009092015.py,python,28,0,0,0,0,0,0,0,0,0,169:42
844607287,projects/0/844607287-74f7e05d49cd35e9826228a4e839fa06f040f91d/philippbogdan-Scrabble-NEA-74f7e05/.history/dawg_20240925085502.py,python,3,0,0,0,0,0,0,0,0,0,14:5
844607287,projects/0/844607287-74f7e05d49cd35e9826228a4e839fa06f040f91d/philippbogdan-Scrabble-NEA-74f7e05/.history/Scrabble_20241015085348.py,python,82,0,0,0,0,0,0,0,0,0,236:21
844607287,projects/0/844607287-74f7e05d49cd35e9826228a4e839fa06f040f91d/philippbogdan-Scrabble-NEA-74f7e05/.history/dawg_20240925092317.py,python,6,0,0,0,0,0,0,0,0,0,32:21
844607287,projects/0/844607287-74f7e05d49cd35e9826228a4e839fa06f040f91d/philippbogdan-Scrabble-NEA-74f7e05/.history/dawg_20241008090953.py,python,22,0,0,0,0,0,0,0,0,0,146:24
844607287,projects/0/844607287-74f7e05d49cd35e9826228a4e839fa06f040f91d/philippbogdan-Scrabble-NEA-74f7e05/.history/dawg_20241009090835.py,python,26,0,0,0,0,0,0,0,0,0,129:9
844607287,projects/0/844607287-74f7e05d49cd35e9826228a4e839fa06f040f91d/philippbogdan-Scrabble-NEA-74f7e05/.history/Scrabble_20241017155553.py,python,87,0,0,0,0,0,0,0,0,0,985:5
844607287,projects/0/844607287-74f7e05d49cd35e9826228a4e839fa06f040f91d/philippbogdan-Scrabble-NEA-74f7e05/.history/dawg_20241009091049.py,python,26,0,0,0,0,0,0,0,0,0,131:9
844607287,projects/0/844607287-74f7e05d49cd35e9826228a4e839fa06f040f91d/philippbogdan-Scrabble-NEA-74f7e05/.history/Scrabble_20241023083902.py,python,89,0,0,0,0,0,0,0,0,0,1043:81
844607287,projects/0/844607287-74f7e05d49cd35e9826228a4e839fa06f040f91d/philippbogdan-Scrabble-NEA-74f7e05/.history/dawg_20240925084602.py,python,2,0,0,0,0,0,0,0,0,0,10:5
844607287,projects/0/844607287-74f7e05d49cd35e9826228a4e839fa06f040f91d/philippbogdan-Scrabble-NEA-74f7e05/.history/dawg_20241014153348.py,python,27,0,0,0,0,0,0,0,0,0,40:1
844607287,projects/0/844607287-74f7e05d49cd35e9826228a4e839fa06f040f91d/philippbogdan-Scrabble-NEA-74f7e05/.history/dawg_20241015085955.py,python,33,0,0,0,0,0,0,0,0,0,203:59
373026110,projects/0/373026110-1ccd700bb16877122e9168d08b8c5988abe9d529/fyqc-cool18-1ccd700/duplicate_remove.py,python,4,0,0,0,0,0,0,0,0,0,53:14
844607287,projects/0/844607287-74f7e05d49cd35e9826228a4e839fa06f040f91d/philippbogdan-Scrabble-NEA-74f7e05/.history/Scrabble_20241010141250.py,python,79,0,0,0,0,0,0,0,0,0,9:1
844607287,projects/0/844607287-74f7e05d49cd35e9826228a4e839fa06f040f91d/philippbogdan-Scrabble-NEA-74f7e05/.history/dawg_20241009091507.py,python,27,0,0,0,0,0,0,0,0,0,142:9
844607287,projects/0/844607287-74f7e05d49cd35e9826228a4e839fa06f040f91d/philippbogdan-Scrabble-NEA-74f7e05/.history/dawg_20241009092353.py,python,28,0,0,0,0,0,0,0,0,0,4:1
844607287,projects/0/844607287-74f7e05d49cd35e9826228a4e839fa06f040f91d/philippbogdan-Scrabble-NEA-74f7e05/.history/dawg_20240925085336.py,python,3,0,0,0,0,0,0,0,0,0,17:26
844607287,projects/0/844607287-74f7e05d49cd35e9826228a4e839fa06f040f91d/philippbogdan-Scrabble-NEA-74f7e05/.history/Scrabble_20241017153624.py,python,85,0,0,0,0,0,0,0,0,0,610:13
844607287,projects/0/844607287-74f7e05d49cd35e9826228a4e839fa06f040f91d/philippbogdan-Scrabble-NEA-74f7e05/.history/dawg_20240925084653.py,python,3,0,0,0,0,0,0,0,0,0,14:5
844607287,projects/0/844607287-74f7e05d49cd35e9826228a4e839fa06f040f91d/philippbogdan-Scrabble-NEA-74f7e05/.history/dawg_20240925085455.py,python,3,0,0,0,0,0,0,0,0,0,14:5
844607287,projects/0/844607287-74f7e05d49cd35e9826228a4e839fa06f040f91d/philippbogdan-Scrabble-NEA-74f7e05/.history/Scrabble_20241017154016.py,python,85,0,0,0,0,0,0,0,0,0,613:17
844607287,projects/0/844607287-74f7e05d49cd35e9826228a4e839fa06f040f91d/philippbogdan-Scrabble-NEA-74f7e05/.history/test2_20240820143712.py,python,2,0,0,0,0,0,0,0,0,0,17:17
844607287,projects/0/844607287-74f7e05d49cd35e9826228a4e839fa06f040f91d/philippbogdan-Scrabble-NEA-74f7e05/.history/dawg_20241009091106.py,python,26,0,0,0,0,0,0,0,0,0,132:13
844607287,projects/0/844607287-74f7e05d49cd35e9826228a4e839fa06f040f91d/philippbogdan-Scrabble-NEA-74f7e05/.history/dawg_20240925085951.py,python,4,0,0,0,0,0,0,0,0,0,20:15
844607287,projects/0/844607287-74f7e05d49cd35e9826228a4e839fa06f040f91d/philippbogdan-Scrabble-NEA-74f7e05/.history/dawg_20241008091134.py,python,21,0,0,0,0,0,0,0,0,0,125:1
844607287,projects/0/844607287-74f7e05d49cd35e9826228a4e839fa06f040f91d/philippbogdan-Scrabble-NEA-74f7e05/.history/Scrabble_20241017151318.py,python,82,0,0,0,0,0,0,0,0,0,286:1
844607287,projects/0/844607287-74f7e05d49cd35e9826228a4e839fa06f040f91d/philippbogdan-Scrabble-NEA-74f7e05/.history/dawg_20241002090514.py,python,19,0,0,0,0,0,0,0,0,0,89:9
844607287,projects/0/844607287-74f7e05d49cd35e9826228a4e839fa06f040f91d/philippbogdan-Scrabble-NEA-74f7e05/.history/dawg_20241009084541.py,python,25,0,0,0,0,0,0,0,0,0,122:9
844607287,projects/0/844607287-74f7e05d49cd35e9826228a4e839fa06f040f91d/philippbogdan-Scrabble-NEA-74f7e05/.history/Scrabble_20241021153639.py,python,88,0,0,0,0,0,0,0,0,0,1030:40
844607287,projects/0/844607287-74f7e05d49cd35e9826228a4e839fa06f040f91d/philippbogdan-Scrabble-NEA-74f7e05/.history/test3_20240911091058.py,python,0,0,0,0,0,0,0,0,0,0,10:19
844607287,projects/0/844607287-74f7e05d49cd35e9826228a4e839fa06f040f91d/philippbogdan-Scrabble-NEA-74f7e05/.history/test3_20240909140510.py,python,0,0,0,0,0,0,0,0,0,0,21:1
844607287,projects/0/844607287-74f7e05d49cd35e9826228a4e839fa06f040f91d/philippbogdan-Scrabble-NEA-74f7e05/.history/Scrabble_20241021154352.py,python,89,0,0,0,0,0,0,0,0,0,981:34
844607287,projects/0/844607287-74f7e05d49cd35e9826228a4e839fa06f040f91d/philippbogdan-Scrabble-NEA-74f7e05/.history/dawg_20241009090830.py,python,26,0,0,0,0,0,0,0,0,0,129:9
844607287,projects/0/844607287-74f7e05d49cd35e9826228a4e839fa06f040f91d/philippbogdan-Scrabble-NEA-74f7e05/.history/Scrabble_20241015085313.py,python,82,0,0,0,0,0,0,0,0,0,234:13
844607287,projects/0/844607287-74f7e05d49cd35e9826228a4e839fa06f040f91d/philippbogdan-Scrabble-NEA-74f7e05/.history/Scrabble_20241017151332.py,python,82,0,0,0,0,0,0,0,0,0,286:1
844607287,projects/0/844607287-74f7e05d49cd35e9826228a4e839fa06f040f91d/philippbogdan-Scrabble-NEA-74f7e05/.history/dawg_20240930144330.py,python,11,0,0,0,0,0,0,0,0,0,54:9
844607287,projects/0/844607287-74f7e05d49cd35e9826228a4e839fa06f040f91d/philippbogdan-Scrabble-NEA-74f7e05/.history/test1_20240828131533.py,python,0,0,0,0,0,0,0,0,0,0,5:1
212434464,projects/0/212434464-b3490b1caf5d3ae87bf05bf85a8799ab153567cb/tansudaylan-troia-b3490b1/troia/kartik_eli/2bholtest.py,python,0,0,0,0,0,0,0,0,0,0,12:1
844607287,projects/0/844607287-74f7e05d49cd35e9826228a4e839fa06f040f91d/philippbogdan-Scrabble-NEA-74f7e05/.history/Scrabble_20241021152729.py,python,87,0,0,0,0,0,0,0,0,0,1023:17
844607287,projects/0/844607287-74f7e05d49cd35e9826228a4e839fa06f040f91d/philippbogdan-Scrabble-NEA-74f7e05/.history/dawg_20241014155640.py,python,33,0,0,0,0,0,0,0,0,0,250:68
844607287,projects/0/844607287-74f7e05d49cd35e9826228a4e839fa06f040f91d/philippbogdan-Scrabble-NEA-74f7e05/.history/test1_20240902154237.py,python,1,0,0,0,0,0,0,0,0,0,25:28
844607287,projects/0/844607287-74f7e05d49cd35e9826228a4e839fa06f040f91d/philippbogdan-Scrabble-NEA-74f7e05/.history/dawg_20240925090811.py,python,5,0,0,0,0,0,0,0,0,0,18:9
844607287,projects/0/844607287-74f7e05d49cd35e9826228a4e839fa06f040f91d/philippbogdan-Scrabble-NEA-74f7e05/.history/dawg_20241008085547.py,python,20,0,0,0,0,0,0,0,0,0,66:5
844607287,projects/0/844607287-74f7e05d49cd35e9826228a4e839fa06f040f91d/philippbogdan-Scrabble-NEA-74f7e05/.history/dawg_20241009091810.py,python,27,0,0,0,0,0,0,0,0,0,164:1
844607287,projects/0/844607287-74f7e05d49cd35e9826228a4e839fa06f040f91d/philippbogdan-Scrabble-NEA-74f7e05/.history/Scrabble_20241015091934.py,python,82,0,0,0,0,0,0,0,0,0,238:82
844607287,projects/0/844607287-74f7e05d49cd35e9826228a4e839fa06f040f91d/philippbogdan-Scrabble-NEA-74f7e05/.history/Scrabble_20241017153104.py,python,81,0,0,0,0,0,0,0,0,0,265:33
844607287,projects/0/844607287-74f7e05d49cd35e9826228a4e839fa06f040f91d/philippbogdan-Scrabble-NEA-74f7e05/.history/dawg_20241014152133.py,python,32,0,0,0,0,0,0,0,0,0,186:9
844607287,projects/0/844607287-74f7e05d49cd35e9826228a4e839fa06f040f91d/philippbogdan-Scrabble-NEA-74f7e05/.history/dawg_20241007143938.py,python,19,0,0,0,0,0,0,0,0,0,129:5
844607287,projects/0/844607287-74f7e05d49cd35e9826228a4e839fa06f040f91d/philippbogdan-Scrabble-NEA-74f7e05/.history/Scrabble_20241021153830.py,python,88,0,0,0,0,0,0,0,0,0,977:1
844607287,projects/0/844607287-74f7e05d49cd35e9826228a4e839fa06f040f91d/philippbogdan-Scrabble-NEA-74f7e05/.history/dawg_20241008091328.py,python,23,0,0,0,0,0,0,0,0,0,127:5
844607287,projects/0/844607287-74f7e05d49cd35e9826228a4e839fa06f040f91d/philippbogdan-Scrabble-NEA-74f7e05/.history/dawg_20241014153320.py,python,32,0,0,0,0,0,0,0,0,0,192:17
105776850,projects/0/105776850-cb81905c1a98404d43d9caabf0574f861d7c9b01/ihongChen-PlayRecommendSystem-cb81905/03_lightfm_coldstart.py,python,2,0,0,0,0,0,0,0,0,0,50:1
844607287,projects/0/844607287-74f7e05d49cd35e9826228a4e839fa06f040f91d/philippbogdan-Scrabble-NEA-74f7e05/.history/dawg_20241014150821.py,python,30,0,0,0,0,0,0,0,0,0,182:5
844607287,projects/0/844607287-74f7e05d49cd35e9826228a4e839fa06f040f91d/philippbogdan-Scrabble-NEA-74f7e05/.history/Scrabble_20241017145236.py,python,82,0,0,0,0,0,0,0,0,0,255:17
844607287,projects/0/844607287-74f7e05d49cd35e9826228a4e839fa06f040f91d/philippbogdan-Scrabble-NEA-74f7e05/.history/Scrabble_20241010144738.py,python,81,0,0,0,0,0,0,0,0,0,370:5
844607287,projects/0/844607287-74f7e05d49cd35e9826228a4e839fa06f040f91d/philippbogdan-Scrabble-NEA-74f7e05/.history/test3_20240909141040.py,python,0,0,0,0,0,0,0,0,0,0,21:30
844607287,projects/0/844607287-74f7e05d49cd35e9826228a4e839fa06f040f91d/philippbogdan-Scrabble-NEA-74f7e05/.history/dawg_20241008084206.py,python,19,0,0,0,0,0,0,0,0,0,91:37
844607287,projects/0/844607287-74f7e05d49cd35e9826228a4e839fa06f040f91d/philippbogdan-Scrabble-NEA-74f7e05/.history/dawg_20240930143737.py,python,8,0,0,0,0,0,0,0,0,0,25:23
844607287,projects/0/844607287-74f7e05d49cd35e9826228a4e839fa06f040f91d/philippbogdan-Scrabble-NEA-74f7e05/.history/test2_20240820143820.py,python,2,0,0,0,0,0,0,0,0,0,7:42
844607287,projects/0/844607287-74f7e05d49cd35e9826228a4e839fa06f040f91d/philippbogdan-Scrabble-NEA-74f7e05/.history/dawg_20241009083836.py,python,25,0,0,0,0,0,0,0,0,0,116:37
844607287,projects/0/844607287-74f7e05d49cd35e9826228a4e839fa06f040f91d/philippbogdan-Scrabble-NEA-74f7e05/.history/test3_20240905083815.py,python,0,0,0,0,0,0,0,0,0,0,8:1
844607287,projects/0/844607287-74f7e05d49cd35e9826228a4e839fa06f040f91d/philippbogdan-Scrabble-NEA-74f7e05/.history/Scrabble_20241021152632.py,python,87,0,0,0,0,0,0,0,0,0,1022:13
844607287,projects/0/844607287-74f7e05d49cd35e9826228a4e839fa06f040f91d/philippbogdan-Scrabble-NEA-74f7e05/.history/Scrabble_20241015083953.py,python,82,0,0,0,0,0,0,0,0,0,538:59
844607287,projects/0/844607287-74f7e05d49cd35e9826228a4e839fa06f040f91d/philippbogdan-Scrabble-NEA-74f7e05/.history/dawg_20240930145012.py,python,12,0,0,0,0,0,0,0,0,0,31:5
83476936,projects/0/83476936-f0809d55172ff68193cce47dcea609d46f959c63/esturdivant-usgs-uas-data-publishing-f0809d5/adjust_positions_to_benchmark.py,python,0,0,0,0,0,0,0,0,0,0,20:4
844607287,projects/0/844607287-74f7e05d49cd35e9826228a4e839fa06f040f91d/philippbogdan-Scrabble-NEA-74f7e05/.history/Scrabble_20241015084117.py,python,81,0,0,0,0,0,0,0,0,0,539:26
844607287,projects/0/844607287-74f7e05d49cd35e9826228a4e839fa06f040f91d/philippbogdan-Scrabble-NEA-74f7e05/.history/dawg_20241002090602.py,python,19,0,0,0,0,0,0,0,0,0,92:13
844607287,projects/0/844607287-74f7e05d49cd35e9826228a4e839fa06f040f91d/philippbogdan-Scrabble-NEA-74f7e05/.history/Scrabble_20241015091929.py,python,79,0,0,0,0,0,0,0,0,0,238:17
844607287,projects/0/844607287-74f7e05d49cd35e9826228a4e839fa06f040f91d/philippbogdan-Scrabble-NEA-74f7e05/.history/dawg_20241014151248.py,python,31,0,0,0,0,0,0,0,0,0,29:5
844607287,projects/0/844607287-74f7e05d49cd35e9826228a4e839fa06f040f91d/philippbogdan-Scrabble-NEA-74f7e05/.history/Scrabble_20241021154407.py,python,89,0,0,0,0,0,0,0,0,0,982:9
844607287,projects/0/844607287-74f7e05d49cd35e9826228a4e839fa06f040f91d/philippbogdan-Scrabble-NEA-74f7e05/.history/dawg_20241014153533.py,python,33,0,0,0,0,0,0,0,0,0,40:5
844607287,projects/0/844607287-74f7e05d49cd35e9826228a4e839fa06f040f91d/philippbogdan-Scrabble-NEA-74f7e05/.history/test3_20240902133507.py,python,0,0,0,0,0,0,0,0,0,0,5:1
767844314,projects/0/767844314-92978acb9e7df6271ac6b849ba816d44ae15a289/no-la-atcoder-92978ac/contest/abc370D/abc370D.1.py,python,21,0,0,0,0,0,0,0,0,0,171:9
844607287,projects/0/844607287-74f7e05d49cd35e9826228a4e839fa06f040f91d/philippbogdan-Scrabble-NEA-74f7e05/.history/dawg_20241002090523.py,python,19,0,0,0,0,0,0,0,0,0,89:13
417509167,projects/0/417509167-d0a083ed50aa94238e67756fd24b065cb6999409/MalenaMDH-MALENA-d0a083e/EjercicioApi/ejercicio 4/server/swagger_server/controllers/server_controller.py,python,3,2,2,0,0,0,0,0,0,0,1:1
844607287,projects/0/844607287-74f7e05d49cd35e9826228a4e839fa06f040f91d/philippbogdan-Scrabble-NEA-74f7e05/.history/Scrabble_20241015092045.py,python,82,0,0,0,0,0,0,0,0,0,239:17
225907025,projects/0/225907025-6e073beb0a3025da415454a058621f74352f9dc5/kanjasaha-MOOC_deep_learning_projects-6e073be/DeepLearning_QuadCopter/.Trash-0/files/my_agent_dep.py,python,13,0,0,0,0,0,0,0,0,0,not-found
844607287,projects/0/844607287-74f7e05d49cd35e9826228a4e839fa06f040f91d/philippbogdan-Scrabble-NEA-74f7e05/.history/dawg_20241009083611.py,python,24,0,0,0,0,0,0,0,0,0,119:5
844607287,projects/0/844607287-74f7e05d49cd35e9826228a4e839fa06f040f91d/philippbogdan-Scrabble-NEA-74f7e05/.history/dawg_20240930144800.py,python,12,0,0,0,0,0,0,0,0,0,81:15
844607287,projects/0/844607287-74f7e05d49cd35e9826228a4e839fa06f040f91d/philippbogdan-Scrabble-NEA-74f7e05/.history/test2_20240820143148.py,python,2,0,0,0,0,0,0,0,0,0,3:30
844607287,projects/0/844607287-74f7e05d49cd35e9826228a4e839fa06f040f91d/philippbogdan-Scrabble-NEA-74f7e05/.history/Scrabble_20241021152615.py,python,87,0,0,0,0,0,0,0,0,0,1022:13
159017020,projects/0/159017020-c638644528176b557224edcac99b9138885a49f9/manasa0917-python_code-c638644/Class 8/tryandexcept4.py,python,0,0,0,0,0,0,0,0,0,0,9:5
844607287,projects/0/844607287-74f7e05d49cd35e9826228a4e839fa06f040f91d/philippbogdan-Scrabble-NEA-74f7e05/.history/dawg_20240925090258.py,python,4,0,0,0,0,0,0,0,0,0,23:1
844607287,projects/0/844607287-74f7e05d49cd35e9826228a4e839fa06f040f91d/philippbogdan-Scrabble-NEA-74f7e05/.history/dawg_20241009091535.py,python,27,0,0,0,0,0,0,0,0,0,143:9
844607287,projects/0/844607287-74f7e05d49cd35e9826228a4e839fa06f040f91d/philippbogdan-Scrabble-NEA-74f7e05/.history/test3_20240910091646.py,python,0,0,0,0,0,0,0,0,0,0,34:1
844607287,projects/0/844607287-74f7e05d49cd35e9826228a4e839fa06f040f91d/philippbogdan-Scrabble-NEA-74f7e05/.history/dawg_20240930144621.py,python,12,0,0,0,0,0,0,0,0,0,60:13
844607287,projects/0/844607287-74f7e05d49cd35e9826228a4e839fa06f040f91d/philippbogdan-Scrabble-NEA-74f7e05/.history/dawg_20241002083916.py,python,15,0,0,0,0,0,0,0,0,0,40:9
844607287,projects/0/844607287-74f7e05d49cd35e9826228a4e839fa06f040f91d/philippbogdan-Scrabble-NEA-74f7e05/.history/dawg_20241002090125.py,python,19,0,0,0,0,0,0,0,0,0,83:9
412847027,projects/0/412847027-be165c7277ccc662da7435933081d1aecc080df1/brenobeirigo-darp-be165c7/notebooks/draft/01-problem-instances.py,python,0,0,0,0,0,0,0,0,0,0,4:1
844607287,projects/0/844607287-74f7e05d49cd35e9826228a4e839fa06f040f91d/philippbogdan-Scrabble-NEA-74f7e05/.history/dawg_20241014151237.py,python,30,0,0,0,0,0,0,0,0,0,30:1
844607287,projects/0/844607287-74f7e05d49cd35e9826228a4e839fa06f040f91d/philippbogdan-Scrabble-NEA-74f7e05/.history/dawg_20240925085441.py,python,3,0,0,0,0,0,0,0,0,0,12:5
844607287,projects/0/844607287-74f7e05d49cd35e9826228a4e839fa06f040f91d/philippbogdan-Scrabble-NEA-74f7e05/.history/dawg_20241008084904.py,python,19,0,0,0,0,0,0,0,0,0,94:20
844607287,projects/0/844607287-74f7e05d49cd35e9826228a4e839fa06f040f91d/philippbogdan-Scrabble-NEA-74f7e05/.history/dawg_20240925090851.py,python,5,0,0,0,0,0,0,0,0,0,21:13
844607287,projects/0/844607287-74f7e05d49cd35e9826228a4e839fa06f040f91d/philippbogdan-Scrabble-NEA-74f7e05/.history/dawg_20241009091803.py,python,27,0,0,0,0,0,0,0,0,0,164:1
844607287,projects/0/844607287-74f7e05d49cd35e9826228a4e839fa06f040f91d/philippbogdan-Scrabble-NEA-74f7e05/.history/dawg_20241009090131.py,python,25,0,0,0,0,0,0,0,0,0,119:9
844607287,projects/0/844607287-74f7e05d49cd35e9826228a4e839fa06f040f91d/philippbogdan-Scrabble-NEA-74f7e05/.history/Scrabble_20241017151324.py,python,82,0,0,0,0,0,0,0,0,0,283:17
844607287,projects/0/844607287-74f7e05d49cd35e9826228a4e839fa06f040f91d/philippbogdan-Scrabble-NEA-74f7e05/.history/dawg_20240930144555.py,python,11,0,0,0,0,0,0,0,0,0,14:9
844607287,projects/0/844607287-74f7e05d49cd35e9826228a4e839fa06f040f91d/philippbogdan-Scrabble-NEA-74f7e05/.history/test3_20240909140517.py,python,0,0,0,0,0,0,0,0,0,0,21:1
107235080,projects/0/107235080-cfb628bb4e9db69c7e60f9bfd31dd520173c8c0f/delta-onera-delta_tb-cfb628b/flair2/PAS_PRIORITAIRE/ensemble/test.py,python,1,0,0,0,0,0,0,0,0,0,25:44
844607287,projects/0/844607287-74f7e05d49cd35e9826228a4e839fa06f040f91d/philippbogdan-Scrabble-NEA-74f7e05/.history/Scrabble_20241021145355.py,python,87,0,0,0,0,0,0,0,0,0,1022:9
844607287,projects/0/844607287-74f7e05d49cd35e9826228a4e839fa06f040f91d/philippbogdan-Scrabble-NEA-74f7e05/.history/dawg_20240925085521.py,python,3,0,0,0,0,0,0,0,0,0,13:5
844607287,projects/0/844607287-74f7e05d49cd35e9826228a4e839fa06f040f91d/philippbogdan-Scrabble-NEA-74f7e05/.history/test3_20240911091043.py,python,0,0,0,0,0,0,0,0,0,0,8:19
844607287,projects/0/844607287-74f7e05d49cd35e9826228a4e839fa06f040f91d/philippbogdan-Scrabble-NEA-74f7e05/.history/dawg_20240925084538.py,python,1,0,0,0,0,0,0,0,0,0,9:1
844607287,projects/0/844607287-74f7e05d49cd35e9826228a4e839fa06f040f91d/philippbogdan-Scrabble-NEA-74f7e05/.history/Scrabble_20241023090803.py,python,89,0,0,0,0,0,0,0,0,0,1082:24
844607287,projects/0/844607287-74f7e05d49cd35e9826228a4e839fa06f040f91d/philippbogdan-Scrabble-NEA-74f7e05/.history/dawg_20241002085817.py,python,18,0,0,0,0,0,0,0,0,0,84:5
844607287,projects/0/844607287-74f7e05d49cd35e9826228a4e839fa06f040f91d/philippbogdan-Scrabble-NEA-74f7e05/.history/dawg_20241014153558.py,python,33,0,0,0,0,0,0,0,0,0,41:5
844607287,projects/0/844607287-74f7e05d49cd35e9826228a4e839fa06f040f91d/philippbogdan-Scrabble-NEA-74f7e05/.history/dawg_20241002084238.py,python,16,0,0,0,0,0,0,0,0,0,82:17
844607287,projects/0/844607287-74f7e05d49cd35e9826228a4e839fa06f040f91d/philippbogdan-Scrabble-NEA-74f7e05/.history/dawg_20241008083701.py,python,19,0,0,0,0,0,0,0,0,0,92:13
844607287,projects/0/844607287-74f7e05d49cd35e9826228a4e839fa06f040f91d/philippbogdan-Scrabble-NEA-74f7e05/.history/dawg_20241014151922.py,python,31,0,0,0,0,0,0,0,0,0,192:5
844607287,projects/0/844607287-74f7e05d49cd35e9826228a4e839fa06f040f91d/philippbogdan-Scrabble-NEA-74f7e05/.history/Scrabble_20241010150035.py,python,83,0,0,0,0,0,0,0,0,0,553:5
844607287,projects/0/844607287-74f7e05d49cd35e9826228a4e839fa06f040f91d/philippbogdan-Scrabble-NEA-74f7e05/.history/dawg_20241002083655.py,python,15,0,0,0,0,0,0,0,0,0,75:17
844607287,projects/0/844607287-74f7e05d49cd35e9826228a4e839fa06f040f91d/philippbogdan-Scrabble-NEA-74f7e05/.history/dawg_20241010141127.py,python,28,0,0,0,0,0,0,0,0,0,182:9
844607287,projects/0/844607287-74f7e05d49cd35e9826228a4e839fa06f040f91d/philippbogdan-Scrabble-NEA-74f7e05/.history/Scrabble_20241015085450.py,python,82,0,0,0,0,0,0,0,0,0,237:21
124484440,projects/0/124484440-2b1e12ee88dbbc5c3a52732a527721e92e30f89e/yokoyang-satellite-image-recognition-2b1e12e/create_model/road_train.py,python,13,0,0,0,0,0,0,0,0,0,11:1
844607287,projects/0/844607287-74f7e05d49cd35e9826228a4e839fa06f040f91d/philippbogdan-Scrabble-NEA-74f7e05/.history/dawg_20240925084604.py,python,2,0,0,0,0,0,0,0,0,0,10:5
42218294,projects/0/42218294-8624bc67feadffe8fbc18803334fbd7c021aad6d/BerkeleyAutomation-tsc-dl-8624bc6/scripts/examples/preWhiten.py,python,10,0,0,0,0,0,0,0,0,0,250:195
844607287,projects/0/844607287-74f7e05d49cd35e9826228a4e839fa06f040f91d/philippbogdan-Scrabble-NEA-74f7e05/.history/dawg_20241002090510.py,python,19,0,0,0,0,0,0,0,0,0,89:9
844607287,projects/0/844607287-74f7e05d49cd35e9826228a4e839fa06f040f91d/philippbogdan-Scrabble-NEA-74f7e05/.history/dawg_20241007144004.py,python,19,0,0,0,0,0,0,0,0,0,130:9
844607287,projects/0/844607287-74f7e05d49cd35e9826228a4e839fa06f040f91d/philippbogdan-Scrabble-NEA-74f7e05/.history/dawg_20241014154819.py,python,33,0,0,0,0,0,0,0,0,0,201:21
752533242,projects/0/752533242-79561c00199b8dcc079bc179d729b91eb608f429/ANG112-ONLINE_DS_THEBRIDGE_ALFONSO_NIETO-79561c0/04_Machine_Learning/Sprint_15/Unidad_01/Ejercicios_Workout/toolbox_pruebas.py,python,0,0,0,0,0,0,0,0,0,0,10:1
844607287,projects/0/844607287-74f7e05d49cd35e9826228a4e839fa06f040f91d/philippbogdan-Scrabble-NEA-74f7e05/.history/dawg_20241002090420.py,python,19,0,0,0,0,0,0,0,0,0,84:16
844607287,projects/0/844607287-74f7e05d49cd35e9826228a4e839fa06f040f91d/philippbogdan-Scrabble-NEA-74f7e05/.history/Scrabble_20241017153156.py,python,84,0,0,0,0,0,0,0,0,0,267:13
844607287,projects/0/844607287-74f7e05d49cd35e9826228a4e839fa06f040f91d/philippbogdan-Scrabble-NEA-74f7e05/.history/Scrabble_20241014155130.py,python,82,0,0,0,0,0,0,0,0,0,539:13
844607287,projects/0/844607287-74f7e05d49cd35e9826228a4e839fa06f040f91d/philippbogdan-Scrabble-NEA-74f7e05/.history/dawg_20241009090713.py,python,25,0,0,0,0,0,0,0,0,0,127:9
844607287,projects/0/844607287-74f7e05d49cd35e9826228a4e839fa06f040f91d/philippbogdan-Scrabble-NEA-74f7e05/.history/dawg_20241008091526.py,python,23,0,0,0,0,0,0,0,0,0,127:5
844607287,projects/0/844607287-74f7e05d49cd35e9826228a4e839fa06f040f91d/philippbogdan-Scrabble-NEA-74f7e05/.history/dawg_20241014153409.py,python,27,0,0,0,0,0,0,0,0,0,40:1
844607287,projects/0/844607287-74f7e05d49cd35e9826228a4e839fa06f040f91d/philippbogdan-Scrabble-NEA-74f7e05/.history/dawg_20241008085544.py,python,20,0,0,0,0,0,0,0,0,0,66:5
575170914,projects/0/575170914-b5a0e9a081580bf712ead897852c11557bc7f134/ProfessionalGooseChaser-SudokuSolver-b5a0e9a/Testing.py,python,5,0,0,0,0,0,0,0,0,0,82:37
844607287,projects/0/844607287-74f7e05d49cd35e9826228a4e839fa06f040f91d/philippbogdan-Scrabble-NEA-74f7e05/.history/dawg_20241002090547.py,python,19,0,0,0,0,0,0,0,0,0,86:9
844607287,projects/0/844607287-74f7e05d49cd35e9826228a4e839fa06f040f91d/philippbogdan-Scrabble-NEA-74f7e05/.history/dawg_20241009091441.py,python,27,0,0,0,0,0,0,0,0,0,139:9
844607287,projects/0/844607287-74f7e05d49cd35e9826228a4e839fa06f040f91d/philippbogdan-Scrabble-NEA-74f7e05/.history/dawg_20241007144009.py,python,19,0,0,0,0,0,0,0,0,0,130:9
844607287,projects/0/844607287-74f7e05d49cd35e9826228a4e839fa06f040f91d/philippbogdan-Scrabble-NEA-74f7e05/.history/Scrabble_20241017145253.py,python,82,0,0,0,0,0,0,0,0,0,261:17
844607287,projects/0/844607287-74f7e05d49cd35e9826228a4e839fa06f040f91d/philippbogdan-Scrabble-NEA-74f7e05/.history/dawg_20240930144417.py,python,11,0,0,0,0,0,0,0,0,0,55:9
259383382,projects/0/259383382-f2d9d456c854b52c932ec617ea3c40564b78bcdb/JoseAVallejo12-holbertonschool-higher_level_programming-f2d9d45/0x11-python-network_1/5-hbtn_header.py,python,0,0,0,0,0,0,0,0,0,0,9:5
844607287,projects/0/844607287-74f7e05d49cd35e9826228a4e839fa06f040f91d/philippbogdan-Scrabble-NEA-74f7e05/.history/dawg_20241014152419.py,python,32,0,0,0,0,0,0,0,0,0,187:13
844607287,projects/0/844607287-74f7e05d49cd35e9826228a4e839fa06f040f91d/philippbogdan-Scrabble-NEA-74f7e05/.history/dawg_20241015090054.py,python,33,0,0,0,0,0,0,0,0,0,202:51
844607287,projects/0/844607287-74f7e05d49cd35e9826228a4e839fa06f040f91d/philippbogdan-Scrabble-NEA-74f7e05/.history/dawg_20241008085323.py,python,20,0,0,0,0,0,0,0,0,0,101:27
844607287,projects/0/844607287-74f7e05d49cd35e9826228a4e839fa06f040f91d/philippbogdan-Scrabble-NEA-74f7e05/.history/Scrabble_20241021154428.py,python,89,0,0,0,0,0,0,0,0,0,981:53
844607287,projects/0/844607287-74f7e05d49cd35e9826228a4e839fa06f040f91d/philippbogdan-Scrabble-NEA-74f7e05/.history/dawg_20240930144546.py,python,11,0,0,0,0,0,0,0,0,0,16:5
844607287,projects/0/844607287-74f7e05d49cd35e9826228a4e839fa06f040f91d/philippbogdan-Scrabble-NEA-74f7e05/.history/test3_20240911091038.py,python,0,0,0,0,0,0,0,0,0,0,6:19
844607287,projects/0/844607287-74f7e05d49cd35e9826228a4e839fa06f040f91d/philippbogdan-Scrabble-NEA-74f7e05/.history/Scrabble_20241015085408.py,python,82,0,0,0,0,0,0,0,0,0,236:21
844607287,projects/0/844607287-74f7e05d49cd35e9826228a4e839fa06f040f91d/philippbogdan-Scrabble-NEA-74f7e05/.history/dawg_20241007144059.py,python,19,0,0,0,0,0,0,0,0,0,130:29
844607287,projects/0/844607287-74f7e05d49cd35e9826228a4e839fa06f040f91d/philippbogdan-Scrabble-NEA-74f7e05/.history/dawg_20240930142412.py,python,6,0,0,0,0,0,0,0,0,0,30:35
844607287,projects/0/844607287-74f7e05d49cd35e9826228a4e839fa06f040f91d/philippbogdan-Scrabble-NEA-74f7e05/.history/dawg_20241002084019.py,python,15,0,0,0,0,0,0,0,0,0,76:17
844607287,projects/0/844607287-74f7e05d49cd35e9826228a4e839fa06f040f91d/philippbogdan-Scrabble-NEA-74f7e05/.history/dawg_20241002090618.py,python,19,0,0,0,0,0,0,0,0,0,93:13
844607287,projects/0/844607287-74f7e05d49cd35e9826228a4e839fa06f040f91d/philippbogdan-Scrabble-NEA-74f7e05/.history/dawg_20241009090805.py,python,26,0,0,0,0,0,0,0,0,0,129:9
844607287,projects/0/844607287-74f7e05d49cd35e9826228a4e839fa06f040f91d/philippbogdan-Scrabble-NEA-74f7e05/.history/dawg_20240925090834.py,python,5,0,0,0,0,0,0,0,0,0,20:9
844607287,projects/0/844607287-74f7e05d49cd35e9826228a4e839fa06f040f91d/philippbogdan-Scrabble-NEA-74f7e05/.history/dawg_20241009083614.py,python,24,0,0,0,0,0,0,0,0,0,116:9
844607287,projects/0/844607287-74f7e05d49cd35e9826228a4e839fa06f040f91d/philippbogdan-Scrabble-NEA-74f7e05/.history/dawg_20240925090043.py,python,4,0,0,0,0,0,0,0,0,0,23:1
844607287,projects/0/844607287-74f7e05d49cd35e9826228a4e839fa06f040f91d/philippbogdan-Scrabble-NEA-74f7e05/.history/test2_20240820143817.py,python,2,0,0,0,0,0,0,0,0,0,7:32
844607287,projects/0/844607287-74f7e05d49cd35e9826228a4e839fa06f040f91d/philippbogdan-Scrabble-NEA-74f7e05/.history/wordCheck_20240930140849.py,python,7,0,0,0,0,0,0,0,0,0,88:17
844607287,projects/0/844607287-74f7e05d49cd35e9826228a4e839fa06f040f91d/philippbogdan-Scrabble-NEA-74f7e05/.history/test3_20240905200900.py,python,0,0,0,0,0,0,0,0,0,0,14:1
844607287,projects/0/844607287-74f7e05d49cd35e9826228a4e839fa06f040f91d/philippbogdan-Scrabble-NEA-74f7e05/.history/test4_20241017152602.py,python,0,0,0,0,0,0,0,0,0,0,5:1
844607287,projects/0/844607287-74f7e05d49cd35e9826228a4e839fa06f040f91d/philippbogdan-Scrabble-NEA-74f7e05/.history/dawg_20240930144351.py,python,11,0,0,0,0,0,0,0,0,0,55:9
844607287,projects/0/844607287-74f7e05d49cd35e9826228a4e839fa06f040f91d/philippbogdan-Scrabble-NEA-74f7e05/.history/Scrabble_20241015091909.py,python,82,0,0,0,0,0,0,0,0,0,238:67
844607287,projects/0/844607287-74f7e05d49cd35e9826228a4e839fa06f040f91d/philippbogdan-Scrabble-NEA-74f7e05/.history/wordCheck_20240925093024.py,python,6,0,0,0,0,0,0,0,0,0,65:1
844607287,projects/0/844607287-74f7e05d49cd35e9826228a4e839fa06f040f91d/philippbogdan-Scrabble-NEA-74f7e05/.history/dawg_20240925090254.py,python,4,0,0,0,0,0,0,0,0,0,23:1
844607287,projects/0/844607287-74f7e05d49cd35e9826228a4e839fa06f040f91d/philippbogdan-Scrabble-NEA-74f7e05/.history/dawg_20241009091449.py,python,27,0,0,0,0,0,0,0,0,0,139:9
844607287,projects/0/844607287-74f7e05d49cd35e9826228a4e839fa06f040f91d/philippbogdan-Scrabble-NEA-74f7e05/.history/dawg_20240925092341.py,python,6,0,0,0,0,0,0,0,0,0,32:21
105776850,projects/0/105776850-cb81905c1a98404d43d9caabf0574f861d7c9b01/ihongChen-PlayRecommendSystem-cb81905/02_lightfm_lr.py,python,1,0,0,0,0,0,0,0,0,0,12:1
844607287,projects/0/844607287-74f7e05d49cd35e9826228a4e839fa06f040f91d/philippbogdan-Scrabble-NEA-74f7e05/.history/Scrabble_20241015092037.py,python,82,0,0,0,0,0,0,0,0,0,239:17
844607287,projects/0/844607287-74f7e05d49cd35e9826228a4e839fa06f040f91d/philippbogdan-Scrabble-NEA-74f7e05/.history/dawg_20241009091822.py,python,27,0,0,0,0,0,0,0,0,0,161:12
844607287,projects/0/844607287-74f7e05d49cd35e9826228a4e839fa06f040f91d/philippbogdan-Scrabble-NEA-74f7e05/.history/dawg_20240925092205.py,python,6,0,0,0,0,0,0,0,0,0,31:21
137369032,projects/0/137369032-7ec81466c9255aa2fe571cd356ca4daced5ab60d/Mostafa-Hamdy-Elgiar-Cloud-Computing-Project-7ec8146/Task1/Q3.2/CMI-ORD-LAX/reducer.py,python,0,0,0,0,0,0,0,0,0,0,15:3
844607287,projects/0/844607287-74f7e05d49cd35e9826228a4e839fa06f040f91d/philippbogdan-Scrabble-NEA-74f7e05/.history/Scrabble_20241010144732.py,python,81,0,0,0,0,0,0,0,0,0,370:5
844607287,projects/0/844607287-74f7e05d49cd35e9826228a4e839fa06f040f91d/philippbogdan-Scrabble-NEA-74f7e05/.history/Scrabble_20241017154817.py,python,85,0,0,0,0,0,0,0,0,0,1:1
844607287,projects/0/844607287-74f7e05d49cd35e9826228a4e839fa06f040f91d/philippbogdan-Scrabble-NEA-74f7e05/.history/dawg_20240930143327.py,python,6,0,0,0,0,0,0,0,0,0,39:17
844607287,projects/0/844607287-74f7e05d49cd35e9826228a4e839fa06f040f91d/philippbogdan-Scrabble-NEA-74f7e05/.history/dawg_20240925085716.py,python,4,0,0,0,0,0,0,0,0,0,19:15
844607287,projects/0/844607287-74f7e05d49cd35e9826228a4e839fa06f040f91d/philippbogdan-Scrabble-NEA-74f7e05/.history/Scrabble_20241021153549.py,python,87,0,0,0,0,0,0,0,0,0,358:9
844607287,projects/0/844607287-74f7e05d49cd35e9826228a4e839fa06f040f91d/philippbogdan-Scrabble-NEA-74f7e05/.history/Scrabble_20241017153130.py,python,83,0,0,0,0,0,0,0,0,0,265:9
154631357,projects/0/154631357-438b8701193ea8b7ac967fc12532b87f162462c1/Anisha7-Tweet-Generator-438b870/venv/lib/python2.7/site-packages/pylint/test/regrtest_data/bad_package/__init__.py,python,0,0,0,0,0,0,0,0,0,0,2:1
844607287,projects/0/844607287-74f7e05d49cd35e9826228a4e839fa06f040f91d/philippbogdan-Scrabble-NEA-74f7e05/.history/dawg_20241002084120.py,python,15,0,0,0,0,0,0,0,0,0,78:17
844607287,projects/0/844607287-74f7e05d49cd35e9826228a4e839fa06f040f91d/philippbogdan-Scrabble-NEA-74f7e05/.history/dawg_20241002083914.py,python,15,0,0,0,0,0,0,0,0,0,40:9
467239299,projects/0/467239299-5a01cd46ac66bd34c41b7494b6db6e5ad3b2e32b/lordpotash-PopcornCritics-5a01cd4/model.py,python,4,0,0,0,0,0,0,0,0,0,14:1
844607287,projects/0/844607287-74f7e05d49cd35e9826228a4e839fa06f040f91d/philippbogdan-Scrabble-NEA-74f7e05/.history/Scrabble_20241021152721.py,python,87,0,0,0,0,0,0,0,0,0,1023:17
105776850,projects/0/105776850-cb81905c1a98404d43d9caabf0574f861d7c9b01/ihongChen-PlayRecommendSystem-cb81905/explict_CF.py,python,9,0,0,0,0,0,0,0,0,0,13:1
844607287,projects/0/844607287-74f7e05d49cd35e9826228a4e839fa06f040f91d/philippbogdan-Scrabble-NEA-74f7e05/.history/dawg_20240925084549.py,python,1,0,0,0,0,0,0,0,0,0,9:1
844607287,projects/0/844607287-74f7e05d49cd35e9826228a4e839fa06f040f91d/philippbogdan-Scrabble-NEA-74f7e05/.history/dawg_20241009090129.py,python,25,0,0,0,0,0,0,0,0,0,119:9
844607287,projects/0/844607287-74f7e05d49cd35e9826228a4e839fa06f040f91d/philippbogdan-Scrabble-NEA-74f7e05/.history/dawg_20240930145346.py,python,13,0,0,0,0,0,0,0,0,0,19:5
844607287,projects/0/844607287-74f7e05d49cd35e9826228a4e839fa06f040f91d/philippbogdan-Scrabble-NEA-74f7e05/.history/test1_20240827204349.py,python,0,0,0,0,0,0,0,0,0,0,4:15
844607287,projects/0/844607287-74f7e05d49cd35e9826228a4e839fa06f040f91d/philippbogdan-Scrabble-NEA-74f7e05/.history/dawg_20241002084149.py,python,15,0,0,0,0,0,0,0,0,0,78:17
844607287,projects/0/844607287-74f7e05d49cd35e9826228a4e839fa06f040f91d/philippbogdan-Scrabble-NEA-74f7e05/.history/dawg_20241009091329.py,python,27,0,0,0,0,0,0,0,0,0,134:13
844607287,projects/0/844607287-74f7e05d49cd35e9826228a4e839fa06f040f91d/philippbogdan-Scrabble-NEA-74f7e05/.history/dawg_20240925092220.py,python,6,0,0,0,0,0,0,0,0,0,29:9
844607287,projects/0/844607287-74f7e05d49cd35e9826228a4e839fa06f040f91d/philippbogdan-Scrabble-NEA-74f7e05/.history/test1_20240901124958.py,python,1,0,0,0,0,0,0,0,0,0,32:1
844607287,projects/0/844607287-74f7e05d49cd35e9826228a4e839fa06f040f91d/philippbogdan-Scrabble-NEA-74f7e05/.history/dawg_20240930143725.py,python,8,0,0,0,0,0,0,0,0,0,25:23
411953535,projects/0/411953535-dcf7b4fa3e807983e9cc919599872f8846c84e34/aycande-KUPythonCourse2021-dcf7b4f/hw2/regfunction.py,python,1,0,0,0,0,0,0,0,0,0,2:1
844607287,projects/0/844607287-74f7e05d49cd35e9826228a4e839fa06f040f91d/philippbogdan-Scrabble-NEA-74f7e05/.history/dawg_20240930144413.py,python,11,0,0,0,0,0,0,0,0,0,55:9
844607287,projects/0/844607287-74f7e05d49cd35e9826228a4e839fa06f040f91d/philippbogdan-Scrabble-NEA-74f7e05/.history/Scrabble_20241021154129.py,python,89,0,0,0,0,0,0,0,0,0,978:5
844607287,projects/0/844607287-74f7e05d49cd35e9826228a4e839fa06f040f91d/philippbogdan-Scrabble-NEA-74f7e05/.history/dawg_20241009090809.py,python,26,0,0,0,0,0,0,0,0,0,129:9
844607287,projects/0/844607287-74f7e05d49cd35e9826228a4e839fa06f040f91d/philippbogdan-Scrabble-NEA-74f7e05/.history/Scrabble_20241014144135.py,python,84,0,0,0,0,0,0,0,0,0,555:9
844607287,projects/0/844607287-74f7e05d49cd35e9826228a4e839fa06f040f91d/philippbogdan-Scrabble-NEA-74f7e05/.history/dawg_20241014152022.py,python,32,0,0,0,0,0,0,0,0,0,194:9
56684401,projects/0/56684401-68ae83ed6ec893426614166e1353845822046789/tobbad-micropython_lib-68ae83e/client/hw_client.py,python,5,0,0,0,0,0,0,0,0,0,52:13
844607287,projects/0/844607287-74f7e05d49cd35e9826228a4e839fa06f040f91d/philippbogdan-Scrabble-NEA-74f7e05/.history/dawg_20240930145105.py,python,13,0,0,0,0,0,0,0,0,0,12:35
844607287,projects/0/844607287-74f7e05d49cd35e9826228a4e839fa06f040f91d/philippbogdan-Scrabble-NEA-74f7e05/.history/Scrabble_20241015083900.py,python,82,0,0,0,0,0,0,0,0,0,537:9
844607287,projects/0/844607287-74f7e05d49cd35e9826228a4e839fa06f040f91d/philippbogdan-Scrabble-NEA-74f7e05/.history/dawg_20241008090119.py,python,22,0,0,0,0,0,0,0,0,0,106:13
238510652,projects/0/238510652-c212d9eed16def65540381ce2f2a1d0464d53003/Kou839-los-webos-de-oro2020-1-c212d9e/Clase a Clase/clase_cuarentena/pandas.py,python,0,0,0,0,0,0,0,0,0,0,8:73
844607287,projects/0/844607287-74f7e05d49cd35e9826228a4e839fa06f040f91d/philippbogdan-Scrabble-NEA-74f7e05/.history/dawg_20241014151128.py,python,30,0,0,0,0,0,0,0,0,0,28:20
844607287,projects/0/844607287-74f7e05d49cd35e9826228a4e839fa06f040f91d/philippbogdan-Scrabble-NEA-74f7e05/.history/dawg_20240930144822.py,python,12,0,0,0,0,0,0,0,0,0,81:15
844607287,projects/0/844607287-74f7e05d49cd35e9826228a4e839fa06f040f91d/philippbogdan-Scrabble-NEA-74f7e05/.history/dawg_20240925084629.py,python,2,0,0,0,0,0,0,0,0,0,11:40
844607287,projects/0/844607287-74f7e05d49cd35e9826228a4e839fa06f040f91d/philippbogdan-Scrabble-NEA-74f7e05/.history/dawg_20241014152513.py,python,6,0,0,0,0,0,0,0,0,0,1:1
844607287,projects/0/844607287-74f7e05d49cd35e9826228a4e839fa06f040f91d/philippbogdan-Scrabble-NEA-74f7e05/.history/dawg_20241009084537.py,python,25,0,0,0,0,0,0,0,0,0,122:9
844607287,projects/0/844607287-74f7e05d49cd35e9826228a4e839fa06f040f91d/philippbogdan-Scrabble-NEA-74f7e05/.history/dawg_20240930144113.py,python,10,0,0,0,0,0,0,0,0,0,53:5
844607287,projects/0/844607287-74f7e05d49cd35e9826228a4e839fa06f040f91d/philippbogdan-Scrabble-NEA-74f7e05/.history/Scrabble_20241017152020.py,python,83,0,0,0,0,0,0,0,0,0,255:21
844607287,projects/0/844607287-74f7e05d49cd35e9826228a4e839fa06f040f91d/philippbogdan-Scrabble-NEA-74f7e05/.history/dawg_20241014152204.py,python,32,0,0,0,0,0,0,0,0,0,186:9
844607287,projects/0/844607287-74f7e05d49cd35e9826228a4e839fa06f040f91d/philippbogdan-Scrabble-NEA-74f7e05/.history/dawg_20240925090248.py,python,4,0,0,0,0,0,0,0,0,0,20:20
844607287,projects/0/844607287-74f7e05d49cd35e9826228a4e839fa06f040f91d/philippbogdan-Scrabble-NEA-74f7e05/.history/Scrabble_20241017153507.py,python,84,0,0,0,0,0,0,0,0,0,471:17
844607287,projects/0/844607287-74f7e05d49cd35e9826228a4e839fa06f040f91d/philippbogdan-Scrabble-NEA-74f7e05/.history/dawg_20240925092339.py,python,6,0,0,0,0,0,0,0,0,0,32:21
844607287,projects/0/844607287-74f7e05d49cd35e9826228a4e839fa06f040f91d/philippbogdan-Scrabble-NEA-74f7e05/.history/dawg_20241008091325.py,python,23,0,0,0,0,0,0,0,0,0,127:5
844607287,projects/0/844607287-74f7e05d49cd35e9826228a4e839fa06f040f91d/philippbogdan-Scrabble-NEA-74f7e05/.history/dawg_20241014154023.py,python,33,0,0,0,0,0,0,0,0,0,32:18
844607287,projects/0/844607287-74f7e05d49cd35e9826228a4e839fa06f040f91d/philippbogdan-Scrabble-NEA-74f7e05/.history/dawg_20240925084632.py,python,2,0,0,0,0,0,0,0,0,0,11:47
192537013,projects/0/192537013-48ca7adaa355f2a5d2c40936096dd6cbf02d55ee/MasMat2-Games-48ca7ad/gamesenv/lib/python3.8/site-packages/pygame/examples/cursors.py,python,1,0,0,0,0,0,0,0,0,0,3:1
3307610,projects/0/3307610-18206383db175c2d9877f6176d9c8774128c8076/grahamiancummins-gicdat-1820638/blocks.py,python,13,0,0,0,0,0,0,0,0,0,47:18
844607287,projects/0/844607287-74f7e05d49cd35e9826228a4e839fa06f040f91d/philippbogdan-Scrabble-NEA-74f7e05/.history/dawg_20241014152458.py,python,27,0,0,0,0,0,0,0,0,0,40:1
844607287,projects/0/844607287-74f7e05d49cd35e9826228a4e839fa06f040f91d/philippbogdan-Scrabble-NEA-74f7e05/.history/Scrabble_20241017155556.py,python,87,0,0,0,0,0,0,0,0,0,985:5
844607287,projects/0/844607287-74f7e05d49cd35e9826228a4e839fa06f040f91d/philippbogdan-Scrabble-NEA-74f7e05/.history/dawg_20241010141315.py,python,28,0,0,0,0,0,0,0,0,0,195:5
844607287,projects/0/844607287-74f7e05d49cd35e9826228a4e839fa06f040f91d/philippbogdan-Scrabble-NEA-74f7e05/.history/dawg_20241014151318.py,python,31,0,0,0,0,0,0,0,0,0,33:9
844607287,projects/0/844607287-74f7e05d49cd35e9826228a4e839fa06f040f91d/philippbogdan-Scrabble-NEA-74f7e05/.history/test2_20240820143121.py,python,2,0,0,0,0,0,0,0,0,0,3:30
844607287,projects/0/844607287-74f7e05d49cd35e9826228a4e839fa06f040f91d/philippbogdan-Scrabble-NEA-74f7e05/.history/test2_20240820143318.py,python,2,0,0,0,0,0,0,0,0,0,10:17
844607287,projects/0/844607287-74f7e05d49cd35e9826228a4e839fa06f040f91d/philippbogdan-Scrabble-NEA-74f7e05/.history/dawg_20240925092936.py,python,6,0,0,0,0,0,0,0,0,0,35:13
844607287,projects/0/844607287-74f7e05d49cd35e9826228a4e839fa06f040f91d/philippbogdan-Scrabble-NEA-74f7e05/.history/dawg_20241009083947.py,python,25,0,0,0,0,0,0,0,0,0,117:9
844607287,projects/0/844607287-74f7e05d49cd35e9826228a4e839fa06f040f91d/philippbogdan-Scrabble-NEA-74f7e05/.history/Scrabble_20241010141247.py,python,79,0,0,0,0,0,0,0,0,0,9:1
844607287,projects/0/844607287-74f7e05d49cd35e9826228a4e839fa06f040f91d/philippbogdan-Scrabble-NEA-74f7e05/.history/Scrabble_20241023083853.py,python,89,0,0,0,0,0,0,0,0,0,1043:60
844607287,projects/0/844607287-74f7e05d49cd35e9826228a4e839fa06f040f91d/philippbogdan-Scrabble-NEA-74f7e05/.history/dawg_20241002090612.py,python,19,0,0,0,0,0,0,0,0,0,93:13
844607287,projects/0/844607287-74f7e05d49cd35e9826228a4e839fa06f040f91d/philippbogdan-Scrabble-NEA-74f7e05/.history/dawg_20241014151125.py,python,25,0,0,0,0,0,0,0,0,0,29:1
844607287,projects/0/844607287-74f7e05d49cd35e9826228a4e839fa06f040f91d/philippbogdan-Scrabble-NEA-74f7e05/.history/Scrabble_20241015091710.py,python,82,0,0,0,0,0,0,0,0,0,238:17
844607287,projects/0/844607287-74f7e05d49cd35e9826228a4e839fa06f040f91d/philippbogdan-Scrabble-NEA-74f7e05/.history/Scrabble_20241021152736.py,python,87,0,0,0,0,0,0,0,0,0,1023:17
844607287,projects/0/844607287-74f7e05d49cd35e9826228a4e839fa06f040f91d/philippbogdan-Scrabble-NEA-74f7e05/.history/dawg_20241014154826.py,python,33,0,0,0,0,0,0,0,0,0,202:21
844607287,projects/0/844607287-74f7e05d49cd35e9826228a4e839fa06f040f91d/philippbogdan-Scrabble-NEA-74f7e05/.history/dawg_20241008090943.py,python,22,0,0,0,0,0,0,0,0,0,146:15
844607287,projects/0/844607287-74f7e05d49cd35e9826228a4e839fa06f040f91d/philippbogdan-Scrabble-NEA-74f7e05/.history/dawg_20241014152148.py,python,32,0,0,0,0,0,0,0,0,0,186:9
844607287,projects/0/844607287-74f7e05d49cd35e9826228a4e839fa06f040f91d/philippbogdan-Scrabble-NEA-74f7e05/.history/dawg_20240930142415.py,python,6,0,0,0,0,0,0,0,0,0,30:42
844607287,projects/0/844607287-74f7e05d49cd35e9826228a4e839fa06f040f91d/philippbogdan-Scrabble-NEA-74f7e05/.history/dawg_20240930143701.py,python,8,0,0,0,0,0,0,0,0,0,25:23
844607287,projects/0/844607287-74f7e05d49cd35e9826228a4e839fa06f040f91d/philippbogdan-Scrabble-NEA-74f7e05/.history/dawg_20240930144508.py,python,11,0,0,0,0,0,0,0,0,0,28:9
844607287,projects/0/844607287-74f7e05d49cd35e9826228a4e839fa06f040f91d/philippbogdan-Scrabble-NEA-74f7e05/.history/dawg_20241002090627.py,python,19,0,0,0,0,0,0,0,0,0,93:13
151990732,projects/0/151990732-0a4733f5c3153c09dc3a5f1f6b263ecf466ccca4/Geovannioj-Breast_Lesion_Classifier-0a4733f/VGG16_model_train.py,python,0,0,0,0,0,0,0,0,0,0,11:96
844607287,projects/0/844607287-74f7e05d49cd35e9826228a4e839fa06f040f91d/philippbogdan-Scrabble-NEA-74f7e05/.history/dawg_20241008085333.py,python,18,0,0,0,0,0,0,0,0,0,1:1
844607287,projects/0/844607287-74f7e05d49cd35e9826228a4e839fa06f040f91d/philippbogdan-Scrabble-NEA-74f7e05/.history/dawg_20241010141128.py,python,28,0,0,0,0,0,0,0,0,0,182:9
844607287,projects/0/844607287-74f7e05d49cd35e9826228a4e839fa06f040f91d/philippbogdan-Scrabble-NEA-74f7e05/.history/Scrabble_20241017155300.py,python,86,0,0,0,0,0,0,0,0,0,1104:9
385156889,projects/0/385156889-52e32838ab9796288a712e2047cc0fff2388621a/ukoloff-PCGTSP-BnB-52e3283/dp/DP_BnB_solver_v0_12.py,python,14,3,3,0,0,0,0,0,0,0,114:70
844607287,projects/0/844607287-74f7e05d49cd35e9826228a4e839fa06f040f91d/philippbogdan-Scrabble-NEA-74f7e05/.history/dawg_20240925085513.py,python,3,0,0,0,0,0,0,0,0,0,13:5
844607287,projects/0/844607287-74f7e05d49cd35e9826228a4e839fa06f040f91d/philippbogdan-Scrabble-NEA-74f7e05/.history/Scrabble_20241021145524.py,python,87,0,0,0,0,0,0,0,0,0,1079:25
844607287,projects/0/844607287-74f7e05d49cd35e9826228a4e839fa06f040f91d/philippbogdan-Scrabble-NEA-74f7e05/.history/dawg_20241014154918.py,python,33,0,0,0,0,0,0,0,0,0,201:59
844607287,projects/0/844607287-74f7e05d49cd35e9826228a4e839fa06f040f91d/philippbogdan-Scrabble-NEA-74f7e05/.history/Scrabble_20241023092459.py,python,89,0,0,0,0,0,0,0,0,0,257:25
844607287,projects/0/844607287-74f7e05d49cd35e9826228a4e839fa06f040f91d/philippbogdan-Scrabble-NEA-74f7e05/.history/Scrabble_20241015091531.py,python,82,0,0,0,0,0,0,0,0,0,238:17
844607287,projects/0/844607287-74f7e05d49cd35e9826228a4e839fa06f040f91d/philippbogdan-Scrabble-NEA-74f7e05/.history/Scrabble_20241021153825.py,python,88,0,0,0,0,0,0,0,0,0,977:1
844607287,projects/0/844607287-74f7e05d49cd35e9826228a4e839fa06f040f91d/philippbogdan-Scrabble-NEA-74f7e05/.history/Scrabble_20241017150022.py,python,82,0,0,0,0,0,0,0,0,0,267:46
844607287,projects/0/844607287-74f7e05d49cd35e9826228a4e839fa06f040f91d/philippbogdan-Scrabble-NEA-74f7e05/.history/dawg_20241009085907.py,python,24,0,0,0,0,0,0,0,0,0,1:1
330151392,projects/0/330151392-77614e27e6b55c5187bd521aa65256b64e61a495/hirowgit-2B0_python_optmization_course-77614e2/1_SVG_converter_Plus.py,python,1,0,0,0,0,0,0,0,0,0,138:14
844607287,projects/0/844607287-74f7e05d49cd35e9826228a4e839fa06f040f91d/philippbogdan-Scrabble-NEA-74f7e05/.history/machinePlayer_20241010144524.py,python,0,0,0,0,0,0,0,0,0,0,3:1
844607287,projects/0/844607287-74f7e05d49cd35e9826228a4e839fa06f040f91d/philippbogdan-Scrabble-NEA-74f7e05/.history/Scrabble_20241021144941.py,python,87,0,0,0,0,0,0,0,0,0,964:5
844607287,projects/0/844607287-74f7e05d49cd35e9826228a4e839fa06f040f91d/philippbogdan-Scrabble-NEA-74f7e05/.history/dawg_20241014151915.py,python,31,0,0,0,0,0,0,0,0,0,192:5
844607287,projects/0/844607287-74f7e05d49cd35e9826228a4e839fa06f040f91d/philippbogdan-Scrabble-NEA-74f7e05/.history/dawg_20241002085702.py,python,18,0,0,0,0,0,0,0,0,0,84:5
844607287,projects/0/844607287-74f7e05d49cd35e9826228a4e839fa06f040f91d/philippbogdan-Scrabble-NEA-74f7e05/.history/dawg_20241002084113.py,python,15,0,0,0,0,0,0,0,0,0,77:35
844607287,projects/0/844607287-74f7e05d49cd35e9826228a4e839fa06f040f91d/philippbogdan-Scrabble-NEA-74f7e05/.history/dawg_20241009090821.py,python,26,0,0,0,0,0,0,0,0,0,130:13
844607287,projects/0/844607287-74f7e05d49cd35e9826228a4e839fa06f040f91d/philippbogdan-Scrabble-NEA-74f7e05/.history/dawg_20241009091234.py,python,27,0,0,0,0,0,0,0,0,0,133:14
844607287,projects/0/844607287-74f7e05d49cd35e9826228a4e839fa06f040f91d/philippbogdan-Scrabble-NEA-74f7e05/.history/dawg_20241014153424.py,python,33,0,0,0,0,0,0,0,0,0,39:5
844607287,projects/0/844607287-74f7e05d49cd35e9826228a4e839fa06f040f91d/philippbogdan-Scrabble-NEA-74f7e05/.history/Scrabble_20241010142346.py,python,80,0,0,0,0,0,0,0,0,0,37:9
844607287,projects/0/844607287-74f7e05d49cd35e9826228a4e839fa06f040f91d/philippbogdan-Scrabble-NEA-74f7e05/.history/dawg_20241008091537.py,python,24,0,0,0,0,0,0,0,0,0,128:9
59277497,projects/0/59277497-6643ac67a150e1d7fdb924c8dde501f8c72fd40f/yixiaoyang-SmallData-6643ac6/TensorFlow/demo5.py,python,1,0,0,0,0,0,0,0,0,0,104:5
159017020,projects/0/159017020-c638644528176b557224edcac99b9138885a49f9/manasa0917-python_code-c638644/gui/ticktacktoegame.py,python,16,13,13,0,0,0,0,0,0,0,1:1
844607287,projects/0/844607287-74f7e05d49cd35e9826228a4e839fa06f040f91d/philippbogdan-Scrabble-NEA-74f7e05/.history/Scrabble_20241015091847.py,python,82,0,0,0,0,0,0,0,0,0,238:49
138436883,projects/0/138436883-a00eb76d0b43c510fe45acd1a9a61279dcd53e36/bazilevs31-pygels-a00eb76/analyze/condensation.py,python,11,1,0,0,0,0,0,1,0,0,not-found
844607287,projects/0/844607287-74f7e05d49cd35e9826228a4e839fa06f040f91d/philippbogdan-Scrabble-NEA-74f7e05/.history/dawg_20240925091035.py,python,4,0,0,0,0,0,0,0,0,0,25:5
383750847,projects/0/383750847-7de2a332162168fd21a2ef82a7d79075c7df596c/thinhemb-Machine-Learning-Basic-7de2a33/c_13_Computer_Vision/3.C++/yolov8_ByteTrack_TensorRT/ultralytics/yolo/data/converter.py,python,6,2,0,0,0,0,0,0,2,0,111:25
844607287,projects/0/844607287-74f7e05d49cd35e9826228a4e839fa06f040f91d/philippbogdan-Scrabble-NEA-74f7e05/.history/Scrabble_20241017154010.py,python,85,0,0,0,0,0,0,0,0,0,612:13
844607287,projects/0/844607287-74f7e05d49cd35e9826228a4e839fa06f040f91d/philippbogdan-Scrabble-NEA-74f7e05/.history/dawg_20241008091503.py,python,23,0,0,0,0,0,0,0,0,0,127:5
844607287,projects/0/844607287-74f7e05d49cd35e9826228a4e839fa06f040f91d/philippbogdan-Scrabble-NEA-74f7e05/.history/dawg_20241014152025.py,python,32,0,0,0,0,0,0,0,0,0,195:9
844607287,projects/0/844607287-74f7e05d49cd35e9826228a4e839fa06f040f91d/philippbogdan-Scrabble-NEA-74f7e05/.history/test1_20240901114707.py,python,1,0,0,0,0,0,0,0,0,0,21:1
844607287,projects/0/844607287-74f7e05d49cd35e9826228a4e839fa06f040f91d/philippbogdan-Scrabble-NEA-74f7e05/.history/dawg_20241009083605.py,python,24,0,0,0,0,0,0,0,0,0,119:5
844607287,projects/0/844607287-74f7e05d49cd35e9826228a4e839fa06f040f91d/philippbogdan-Scrabble-NEA-74f7e05/.history/dawg_20241009090828.py,python,26,0,0,0,0,0,0,0,0,0,129:9
844607287,projects/0/844607287-74f7e05d49cd35e9826228a4e839fa06f040f91d/philippbogdan-Scrabble-NEA-74f7e05/.history/Scrabble_20241021153647.py,python,88,0,0,0,0,0,0,0,0,0,1030:51
844607287,projects/0/844607287-74f7e05d49cd35e9826228a4e839fa06f040f91d/philippbogdan-Scrabble-NEA-74f7e05/.history/Scrabble_20241023090840.py,python,89,0,0,0,0,0,0,0,0,0,1082:24
844607287,projects/0/844607287-74f7e05d49cd35e9826228a4e839fa06f040f91d/philippbogdan-Scrabble-NEA-74f7e05/.history/test3_20240909140507.py,python,0,0,0,0,0,0,0,0,0,0,21:1
844607287,projects/0/844607287-74f7e05d49cd35e9826228a4e839fa06f040f91d/philippbogdan-Scrabble-NEA-74f7e05/.history/Scrabble_20241010142153.py,python,79,0,0,0,0,0,0,0,0,0,30:1
844607287,projects/0/844607287-74f7e05d49cd35e9826228a4e839fa06f040f91d/philippbogdan-Scrabble-NEA-74f7e05/.history/dawg_20240930144428.py,python,11,0,0,0,0,0,0,0,0,0,55:9
844607287,projects/0/844607287-74f7e05d49cd35e9826228a4e839fa06f040f91d/philippbogdan-Scrabble-NEA-74f7e05/.history/Scrabble_20241010150033.py,python,83,0,0,0,0,0,0,0,0,0,553:5
844607287,projects/0/844607287-74f7e05d49cd35e9826228a4e839fa06f040f91d/philippbogdan-Scrabble-NEA-74f7e05/.history/Scrabble_20241017155109.py,python,85,0,0,0,0,0,0,0,0,0,399:5
844607287,projects/0/844607287-74f7e05d49cd35e9826228a4e839fa06f040f91d/philippbogdan-Scrabble-NEA-74f7e05/.history/Scrabble_20241023084152.py,python,89,0,0,0,0,0,0,0,0,0,1046:13
844607287,projects/0/844607287-74f7e05d49cd35e9826228a4e839fa06f040f91d/philippbogdan-Scrabble-NEA-74f7e05/.history/Scrabble_20241021144946.py,python,87,0,0,0,0,0,0,0,0,0,964:5
844607287,projects/0/844607287-74f7e05d49cd35e9826228a4e839fa06f040f91d/philippbogdan-Scrabble-NEA-74f7e05/.history/dawg_20241002085319.py,python,17,0,0,0,0,0,0,0,0,0,77:13
844607287,projects/0/844607287-74f7e05d49cd35e9826228a4e839fa06f040f91d/philippbogdan-Scrabble-NEA-74f7e05/.history/dawg_20240925091307.py,python,5,0,0,0,0,0,0,0,0,0,28:5
844607287,projects/0/844607287-74f7e05d49cd35e9826228a4e839fa06f040f91d/philippbogdan-Scrabble-NEA-74f7e05/.history/test3_20240905200857.py,python,0,0,0,0,0,0,0,0,0,0,14:28
844607287,projects/0/844607287-74f7e05d49cd35e9826228a4e839fa06f040f91d/philippbogdan-Scrabble-NEA-74f7e05/.history/Scrabble_20241021153655.py,python,88,0,0,0,0,0,0,0,0,0,1030:113
844607287,projects/0/844607287-74f7e05d49cd35e9826228a4e839fa06f040f91d/philippbogdan-Scrabble-NEA-74f7e05/.history/dawg_20241002083520.py,python,15,0,0,0,0,0,0,0,0,0,74:13
844607287,projects/0/844607287-74f7e05d49cd35e9826228a4e839fa06f040f91d/philippbogdan-Scrabble-NEA-74f7e05/.history/dawg_20241009083725.py,python,25,0,0,0,0,0,0,0,0,0,116:40
844607287,projects/0/844607287-74f7e05d49cd35e9826228a4e839fa06f040f91d/philippbogdan-Scrabble-NEA-74f7e05/.history/Scrabble_20241015083809.py,python,82,0,0,0,0,0,0,0,0,0,536:9
844607287,projects/0/844607287-74f7e05d49cd35e9826228a4e839fa06f040f91d/philippbogdan-Scrabble-NEA-74f7e05/.history/dawg_20240930142404.py,python,6,0,0,0,0,0,0,0,0,0,32:20
844607287,projects/0/844607287-74f7e05d49cd35e9826228a4e839fa06f040f91d/philippbogdan-Scrabble-NEA-74f7e05/.history/Scrabble_20241023091402.py,python,89,0,0,0,0,0,0,0,0,0,1075:66
844607287,projects/0/844607287-74f7e05d49cd35e9826228a4e839fa06f040f91d/philippbogdan-Scrabble-NEA-74f7e05/.history/dawg_20241014151911.py,python,31,0,0,0,0,0,0,0,0,0,192:5
844607287,projects/0/844607287-74f7e05d49cd35e9826228a4e839fa06f040f91d/philippbogdan-Scrabble-NEA-74f7e05/.history/test2_20240820143335.py,python,2,0,0,0,0,0,0,0,0,0,11:26
844607287,projects/0/844607287-74f7e05d49cd35e9826228a4e839fa06f040f91d/philippbogdan-Scrabble-NEA-74f7e05/.history/Scrabble_20241017160119.py,python,87,0,0,0,0,0,0,0,0,0,1107:13
1608848,projects/0/1608848-49451170b018947b491dd3fb8281c71d649c5915/toutpt-collective.jqueryuithememanager-4945117/bootstrap.py,python,2,0,0,0,0,0,0,0,0,0,65:14
844607287,projects/0/844607287-74f7e05d49cd35e9826228a4e839fa06f040f91d/philippbogdan-Scrabble-NEA-74f7e05/.history/dawg_20240925092200.py,python,6,0,0,0,0,0,0,0,0,0,32:13
844607287,projects/0/844607287-74f7e05d49cd35e9826228a4e839fa06f040f91d/philippbogdan-Scrabble-NEA-74f7e05/.history/dawg_20241010141341.py,python,28,0,0,0,0,0,0,0,0,0,198:5
844607287,projects/0/844607287-74f7e05d49cd35e9826228a4e839fa06f040f91d/philippbogdan-Scrabble-NEA-74f7e05/.history/test3_20240904181751.py,python,0,0,0,0,0,0,0,0,0,0,5:9
844607287,projects/0/844607287-74f7e05d49cd35e9826228a4e839fa06f040f91d/philippbogdan-Scrabble-NEA-74f7e05/.history/dawg_20241014153511.py,python,33,0,0,0,0,0,0,0,0,0,39:32
844607287,projects/0/844607287-74f7e05d49cd35e9826228a4e839fa06f040f91d/philippbogdan-Scrabble-NEA-74f7e05/.history/dawg_20241014153401.py,python,27,0,0,0,0,0,0,0,0,0,40:1
844607287,projects/0/844607287-74f7e05d49cd35e9826228a4e839fa06f040f91d/philippbogdan-Scrabble-NEA-74f7e05/.history/dawg_20241010141450.py,python,28,0,0,0,0,0,0,0,0,0,201:15
330151392,projects/0/330151392-77614e27e6b55c5187bd521aa65256b64e61a495/hirowgit-2B0_python_optmization_course-77614e2/1_SVG_converter_Silver.py,python,2,0,0,0,0,0,0,0,0,0,144:32
844607287,projects/0/844607287-74f7e05d49cd35e9826228a4e839fa06f040f91d/philippbogdan-Scrabble-NEA-74f7e05/.history/dawg_20241009090832.py,python,26,0,0,0,0,0,0,0,0,0,129:9
844607287,projects/0/844607287-74f7e05d49cd35e9826228a4e839fa06f040f91d/philippbogdan-Scrabble-NEA-74f7e05/.history/Scrabble_20241021153454.py,python,87,0,0,0,0,0,0,0,0,0,1024:21
844607287,projects/0/844607287-74f7e05d49cd35e9826228a4e839fa06f040f91d/philippbogdan-Scrabble-NEA-74f7e05/.history/Scrabble_20241015085410.py,python,82,0,0,0,0,0,0,0,0,0,236:46
844607287,projects/0/844607287-74f7e05d49cd35e9826228a4e839fa06f040f91d/philippbogdan-Scrabble-NEA-74f7e05/.history/Scrabble_20241021145521.py,python,87,0,0,0,0,0,0,0,0,0,1079:25
511291271,projects/0/511291271-ea9db3199125bad1ac9a3a826618e44de146d90a/LizavetaVintsek-ScientificComputingWithPython-ea9db31/11. Numerical computing (scipy)/HomeWork11.2.py,python,0,0,0,0,0,0,0,0,0,0,8:12
844607287,projects/0/844607287-74f7e05d49cd35e9826228a4e839fa06f040f91d/philippbogdan-Scrabble-NEA-74f7e05/.history/dawg_20240925092419.py,python,6,0,0,0,0,0,0,0,0,0,34:13
844607287,projects/0/844607287-74f7e05d49cd35e9826228a4e839fa06f040f91d/philippbogdan-Scrabble-NEA-74f7e05/.history/Scrabble_20241010145542.py,python,82,0,0,0,0,0,0,0,0,0,540:9
844607287,projects/0/844607287-74f7e05d49cd35e9826228a4e839fa06f040f91d/philippbogdan-Scrabble-NEA-74f7e05/.history/dawg_20240930144323.py,python,11,0,0,0,0,0,0,0,0,0,54:9
844607287,projects/0/844607287-74f7e05d49cd35e9826228a4e839fa06f040f91d/philippbogdan-Scrabble-NEA-74f7e05/.history/dawg_20240930143756.py,python,8,0,0,0,0,0,0,0,0,0,28:5
844607287,projects/0/844607287-74f7e05d49cd35e9826228a4e839fa06f040f91d/philippbogdan-Scrabble-NEA-74f7e05/.history/Scrabble_20241010145612.py,python,82,0,0,0,0,0,0,0,0,0,542:5
844607287,projects/0/844607287-74f7e05d49cd35e9826228a4e839fa06f040f91d/philippbogdan-Scrabble-NEA-74f7e05/.history/dawg_20241002085730.py,python,18,0,0,0,0,0,0,0,0,0,84:5
366733938,projects/0/366733938-dcca72008e6a7dbc26734489cfef4f3ba0043148/SciProgCentre-muon-prototypes-dcca720/photo-nuclear.py,python,4,0,0,0,0,0,0,0,0,0,1:1
844607287,projects/0/844607287-74f7e05d49cd35e9826228a4e839fa06f040f91d/philippbogdan-Scrabble-NEA-74f7e05/.history/dawg_20241008085613.py,python,21,0,0,0,0,0,0,0,0,0,50:5
844607287,projects/0/844607287-74f7e05d49cd35e9826228a4e839fa06f040f91d/philippbogdan-Scrabble-NEA-74f7e05/.history/Scrabble_20241010145618.py,python,82,0,0,0,0,0,0,0,0,0,542:5
844607287,projects/0/844607287-74f7e05d49cd35e9826228a4e839fa06f040f91d/philippbogdan-Scrabble-NEA-74f7e05/.history/dawg_20240925085636.py,python,4,0,0,0,0,0,0,0,0,0,9:9
844607287,projects/0/844607287-74f7e05d49cd35e9826228a4e839fa06f040f91d/philippbogdan-Scrabble-NEA-74f7e05/.history/Scrabble_20241014141810.py,python,84,0,0,0,0,0,0,0,0,0,551:9
844607287,projects/0/844607287-74f7e05d49cd35e9826228a4e839fa06f040f91d/philippbogdan-Scrabble-NEA-74f7e05/.history/dawg_20241014151301.py,python,31,0,0,0,0,0,0,0,0,0,31:9
844607287,projects/0/844607287-74f7e05d49cd35e9826228a4e839fa06f040f91d/philippbogdan-Scrabble-NEA-74f7e05/.history/dawg_20241009083640.py,python,24,0,0,0,0,0,0,0,0,0,116:9
844607287,projects/0/844607287-74f7e05d49cd35e9826228a4e839fa06f040f91d/philippbogdan-Scrabble-NEA-74f7e05/.history/Scrabble_20241015085311.py,python,82,0,0,0,0,0,0,0,0,0,234:13
844607287,projects/0/844607287-74f7e05d49cd35e9826228a4e839fa06f040f91d/philippbogdan-Scrabble-NEA-74f7e05/.history/Scrabble_20241017154051.py,python,85,0,0,0,0,0,0,0,0,0,613:17
344524463,projects/0/344524463-8b93a4f8f58373b623bdf7b15264f5de3ceb375f/castlejun-2-Algorithm-8b93a4f/Programmers/Graph Theory/리틀 프렌즈 사천성.py,python,0,0,0,0,0,0,0,0,0,0,1:1
844607287,projects/0/844607287-74f7e05d49cd35e9826228a4e839fa06f040f91d/philippbogdan-Scrabble-NEA-74f7e05/.history/test4_20241017154928.py,python,0,0,0,0,0,0,0,0,0,0,18:1
844607287,projects/0/844607287-74f7e05d49cd35e9826228a4e839fa06f040f91d/philippbogdan-Scrabble-NEA-74f7e05/.history/test3_20240905083841.py,python,0,0,0,0,0,0,0,0,0,0,9:1
606354792,projects/0/606354792-cc8ac3c4033ef933d411025fd1e2713961d9c779/rajasekharanap-MACE-MCA-LAB-2022-2024-cc8ac3c/SEM 1/PYTHON/graphics/circle.py,python,2,0,0,0,0,0,0,0,0,0,7:5
844607287,projects/0/844607287-74f7e05d49cd35e9826228a4e839fa06f040f91d/philippbogdan-Scrabble-NEA-74f7e05/.history/Scrabble_20241021154415.py,python,88,0,0,0,0,0,0,0,0,0,981:9
844607287,projects/0/844607287-74f7e05d49cd35e9826228a4e839fa06f040f91d/philippbogdan-Scrabble-NEA-74f7e05/.history/Scrabble_20241015085318.py,python,82,0,0,0,0,0,0,0,0,0,234:13
844607287,projects/0/844607287-74f7e05d49cd35e9826228a4e839fa06f040f91d/philippbogdan-Scrabble-NEA-74f7e05/.history/dawg_20241014152208.py,python,32,0,0,0,0,0,0,0,0,0,186:9
844607287,projects/0/844607287-74f7e05d49cd35e9826228a4e839fa06f040f91d/philippbogdan-Scrabble-NEA-74f7e05/.history/dawg_20240925091303.py,python,5,0,0,0,0,0,0,0,0,0,28:5
844607287,projects/0/844607287-74f7e05d49cd35e9826228a4e839fa06f040f91d/philippbogdan-Scrabble-NEA-74f7e05/.history/dawg_20241014153312.py,python,32,0,0,0,0,0,0,0,0,0,192:17
844607287,projects/0/844607287-74f7e05d49cd35e9826228a4e839fa06f040f91d/philippbogdan-Scrabble-NEA-74f7e05/.history/dawg_20240925090031.py,python,4,0,0,0,0,0,0,0,0,0,20:15
844607287,projects/0/844607287-74f7e05d49cd35e9826228a4e839fa06f040f91d/philippbogdan-Scrabble-NEA-74f7e05/.history/Scrabble_20241023085815.py,python,89,0,0,0,0,0,0,0,0,0,623:13
844607287,projects/0/844607287-74f7e05d49cd35e9826228a4e839fa06f040f91d/philippbogdan-Scrabble-NEA-74f7e05/.history/dawg_20241009091819.py,python,27,0,0,0,0,0,0,0,0,0,161:19
844607287,projects/0/844607287-74f7e05d49cd35e9826228a4e839fa06f040f91d/philippbogdan-Scrabble-NEA-74f7e05/.history/dawg_20241009091424.py,python,27,0,0,0,0,0,0,0,0,0,139:9
844607287,projects/0/844607287-74f7e05d49cd35e9826228a4e839fa06f040f91d/philippbogdan-Scrabble-NEA-74f7e05/.history/dawg_20240925092227.py,python,6,0,0,0,0,0,0,0,0,0,32:21
844607287,projects/0/844607287-74f7e05d49cd35e9826228a4e839fa06f040f91d/philippbogdan-Scrabble-NEA-74f7e05/.history/Scrabble_20241017151125.py,python,82,0,0,0,0,0,0,0,0,0,271:21
844607287,projects/0/844607287-74f7e05d49cd35e9826228a4e839fa06f040f91d/philippbogdan-Scrabble-NEA-74f7e05/.history/dawg_20241014151440.py,python,31,0,0,0,0,0,0,0,0,0,35:33
844607287,projects/0/844607287-74f7e05d49cd35e9826228a4e839fa06f040f91d/philippbogdan-Scrabble-NEA-74f7e05/.history/Scrabble_20241023084302.py,python,89,0,0,0,0,0,0,0,0,0,1046:13
844607287,projects/0/844607287-74f7e05d49cd35e9826228a4e839fa06f040f91d/philippbogdan-Scrabble-NEA-74f7e05/.history/dawg_20240925092509.py,python,6,0,0,0,0,0,0,0,0,0,34:13
844607287,projects/0/844607287-74f7e05d49cd35e9826228a4e839fa06f040f91d/philippbogdan-Scrabble-NEA-74f7e05/.history/dawg_20240925092346.py,python,7,0,0,0,0,0,0,0,0,0,32:21
844607287,projects/0/844607287-74f7e05d49cd35e9826228a4e839fa06f040f91d/philippbogdan-Scrabble-NEA-74f7e05/.history/dawg_20240930145610.py,python,15,0,0,0,0,0,0,0,0,0,38:49
844607287,projects/0/844607287-74f7e05d49cd35e9826228a4e839fa06f040f91d/philippbogdan-Scrabble-NEA-74f7e05/.history/Scrabble_20241017151818.py,python,83,0,0,0,0,0,0,0,0,0,250:35
