projects/0/107235080-cfb628bb4e9db69c7e60f9bfd31dd520173c8c0f/delta-onera-delta_tb-cfb628b/flair2/PAS_PRIORITAIRE/ensemble/test.py,python,1,0,0,0,0,0,0,0,0,0,25:44
projects/0/121547621-af3ac387e09dbb1289b3475ee807ad930de82efe/mobajunior-Deep-Learning-af3ac38/VGG/scripts/data_utils.py,python,42,2,0,0,0,0,0,1,1,0,591:34
projects/0/124484440-2b1e12ee88dbbc5c3a52732a527721e92e30f89e/yokoyang-satellite-image-recognition-2b1e12e/create_model/road_train.py,python,13,0,0,0,0,0,0,0,0,0,11:1
projects/0/137369032-7ec81466c9255aa2fe571cd356ca4daced5ab60d/Mostafa-Hamdy-Elgiar-Cloud-Computing-Project-7ec8146/Task1/Q3.2/CMI-ORD-LAX/reducer.py,python,0,0,0,0,0,0,0,0,0,0,15:3
projects/0/138436883-a00eb76d0b43c510fe45acd1a9a61279dcd53e36/bazilevs31-pygels-a00eb76/analyze/condensation.py,python,11,1,0,0,0,0,0,1,0,0,not-found
projects/0/159017020-c638644528176b557224edcac99b9138885a49f9/manasa0917-python_code-c638644/Class 8/tryandexcept4.py,python,0,0,0,0,0,0,0,0,0,0,9:5
projects/0/160894158-bc60d1b59d5e51971cce505d130fa2862301601e/cms-lpc-llp-h-to-ss1ss2-madgraph-bc60d1b/mg5_amc_output/ppTohToSS1SS2_SS1Tobb_SS2Toveve/bin/internal/histograms.py,python,67,1,0,0,0,0,0,1,0,0,3508:13
projects/0/844607287-74f7e05d49cd35e9826228a4e839fa06f040f91d/philippbogdan-Scrabble-NEA-74f7e05/.history/Scrabble_20241010141247.py,python,79,0,0,0,0,0,0,0,0,0,9:1
projects/0/844607287-74f7e05d49cd35e9826228a4e839fa06f040f91d/philippbogdan-Scrabble-NEA-74f7e05/.history/Scrabble_20241010142153.py,python,79,0,0,0,0,0,0,0,0,0,30:1
projects/0/844607287-74f7e05d49cd35e9826228a4e839fa06f040f91d/philippbogdan-Scrabble-NEA-74f7e05/.history/Scrabble_20241010142331.py,python,72,0,0,0,0,0,0,0,0,0,36:1
projects/0/844607287-74f7e05d49cd35e9826228a4e839fa06f040f91d/philippbogdan-Scrabble-NEA-74f7e05/.history/Scrabble_20241010150035.py,python,83,0,0,0,0,0,0,0,0,0,553:5
projects/0/844607287-74f7e05d49cd35e9826228a4e839fa06f040f91d/philippbogdan-Scrabble-NEA-74f7e05/.history/Scrabble_20241015083953.py,python,82,0,0,0,0,0,0,0,0,0,538:59
projects/0/844607287-74f7e05d49cd35e9826228a4e839fa06f040f91d/philippbogdan-Scrabble-NEA-74f7e05/.history/Scrabble_20241015085450.py,python,82,0,0,0,0,0,0,0,0,0,237:21
projects/0/844607287-74f7e05d49cd35e9826228a4e839fa06f040f91d/philippbogdan-Scrabble-NEA-74f7e05/.history/Scrabble_20241015091847.py,python,82,0,0,0,0,0,0,0,0,0,238:49
projects/0/844607287-74f7e05d49cd35e9826228a4e839fa06f040f91d/philippbogdan-Scrabble-NEA-74f7e05/.history/Scrabble_20241017151132.py,python,82,0,0,0,0,0,0,0,0,0,271:21
projects/0/844607287-74f7e05d49cd35e9826228a4e839fa06f040f91d/philippbogdan-Scrabble-NEA-74f7e05/.history/Scrabble_20241017151318.py,python,82,0,0,0,0,0,0,0,0,0,286:1
projects/0/844607287-74f7e05d49cd35e9826228a4e839fa06f040f91d/philippbogdan-Scrabble-NEA-74f7e05/.history/Scrabble_20241017154010.py,python,85,0,0,0,0,0,0,0,0,0,612:13
projects/0/844607287-74f7e05d49cd35e9826228a4e839fa06f040f91d/philippbogdan-Scrabble-NEA-74f7e05/.history/Scrabble_20241017154016.py,python,85,0,0,0,0,0,0,0,0,0,613:17
projects/0/844607287-74f7e05d49cd35e9826228a4e839fa06f040f91d/philippbogdan-Scrabble-NEA-74f7e05/.history/Scrabble_20241017155357.py,python,87,0,0,0,0,0,0,0,0,0,1104:13
projects/0/844607287-74f7e05d49cd35e9826228a4e839fa06f040f91d/philippbogdan-Scrabble-NEA-74f7e05/.history/Scrabble_20241021144831.py,python,87,0,0,0,0,0,0,0,0,0,962:5
projects/0/844607287-74f7e05d49cd35e9826228a4e839fa06f040f91d/philippbogdan-Scrabble-NEA-74f7e05/.history/Scrabble_20241021144946.py,python,87,0,0,0,0,0,0,0,0,0,964:5
projects/0/844607287-74f7e05d49cd35e9826228a4e839fa06f040f91d/philippbogdan-Scrabble-NEA-74f7e05/.history/Scrabble_20241021152617.py,python,87,0,0,0,0,0,0,0,0,0,1022:13
projects/0/844607287-74f7e05d49cd35e9826228a4e839fa06f040f91d/philippbogdan-Scrabble-NEA-74f7e05/.history/Scrabble_20241021154352.py,python,89,0,0,0,0,0,0,0,0,0,981:34
projects/0/844607287-74f7e05d49cd35e9826228a4e839fa06f040f91d/philippbogdan-Scrabble-NEA-74f7e05/.history/Scrabble_20241021154428.py,python,89,0,0,0,0,0,0,0,0,0,981:53
projects/0/844607287-74f7e05d49cd35e9826228a4e839fa06f040f91d/philippbogdan-Scrabble-NEA-74f7e05/.history/Scrabble_20241023083853.py,python,89,0,0,0,0,0,0,0,0,0,1043:60
projects/0/844607287-74f7e05d49cd35e9826228a4e839fa06f040f91d/philippbogdan-Scrabble-NEA-74f7e05/.history/Scrabble_20241023084400.py,python,89,0,0,0,0,0,0,0,0,0,1047:54
projects/0/844607287-74f7e05d49cd35e9826228a4e839fa06f040f91d/philippbogdan-Scrabble-NEA-74f7e05/.history/Scrabble_20241023085011.py,python,89,0,0,0,0,0,0,0,0,0,612:9
projects/0/844607287-74f7e05d49cd35e9826228a4e839fa06f040f91d/philippbogdan-Scrabble-NEA-74f7e05/.history/Scrabble_20241023090840.py,python,89,0,0,0,0,0,0,0,0,0,1082:24
projects/0/844607287-74f7e05d49cd35e9826228a4e839fa06f040f91d/philippbogdan-Scrabble-NEA-74f7e05/.history/Scrabble_20241023091402.py,python,89,0,0,0,0,0,0,0,0,0,1075:66
projects/0/844607287-74f7e05d49cd35e9826228a4e839fa06f040f91d/philippbogdan-Scrabble-NEA-74f7e05/.history/Scrabble_20241023091452.py,python,89,0,0,0,0,0,0,0,0,0,1074:66
projects/0/844607287-74f7e05d49cd35e9826228a4e839fa06f040f91d/philippbogdan-Scrabble-NEA-74f7e05/.history/dawg_20240925084604.py,python,2,0,0,0,0,0,0,0,0,0,10:5
projects/0/844607287-74f7e05d49cd35e9826228a4e839fa06f040f91d/philippbogdan-Scrabble-NEA-74f7e05/.history/dawg_20240925084629.py,python,2,0,0,0,0,0,0,0,0,0,11:40
projects/0/844607287-74f7e05d49cd35e9826228a4e839fa06f040f91d/philippbogdan-Scrabble-NEA-74f7e05/.history/dawg_20240925084643.py,python,2,0,0,0,0,0,0,0,0,0,13:1
projects/0/844607287-74f7e05d49cd35e9826228a4e839fa06f040f91d/philippbogdan-Scrabble-NEA-74f7e05/.history/dawg_20240925085513.py,python,3,0,0,0,0,0,0,0,0,0,13:5
projects/0/844607287-74f7e05d49cd35e9826228a4e839fa06f040f91d/philippbogdan-Scrabble-NEA-74f7e05/.history/dawg_20240925090851.py,python,5,0,0,0,0,0,0,0,0,0,21:13
projects/0/844607287-74f7e05d49cd35e9826228a4e839fa06f040f91d/philippbogdan-Scrabble-NEA-74f7e05/.history/dawg_20240925091035.py,python,4,0,0,0,0,0,0,0,0,0,25:5
projects/0/844607287-74f7e05d49cd35e9826228a4e839fa06f040f91d/philippbogdan-Scrabble-NEA-74f7e05/.history/dawg_20240925092231.py,python,6,0,0,0,0,0,0,0,0,0,32:21
projects/0/844607287-74f7e05d49cd35e9826228a4e839fa06f040f91d/philippbogdan-Scrabble-NEA-74f7e05/.history/dawg_20240925092358.py,python,7,0,0,0,0,0,0,0,0,0,32:21
projects/0/844607287-74f7e05d49cd35e9826228a4e839fa06f040f91d/philippbogdan-Scrabble-NEA-74f7e05/.history/dawg_20240930142811.py,python,6,0,0,0,0,0,0,0,0,0,36:17
projects/0/844607287-74f7e05d49cd35e9826228a4e839fa06f040f91d/philippbogdan-Scrabble-NEA-74f7e05/.history/dawg_20240930143327.py,python,6,0,0,0,0,0,0,0,0,0,39:17
projects/0/844607287-74f7e05d49cd35e9826228a4e839fa06f040f91d/philippbogdan-Scrabble-NEA-74f7e05/.history/dawg_20240930144109.py,python,10,0,0,0,0,0,0,0,0,0,53:5
projects/0/844607287-74f7e05d49cd35e9826228a4e839fa06f040f91d/philippbogdan-Scrabble-NEA-74f7e05/.history/dawg_20240930144330.py,python,11,0,0,0,0,0,0,0,0,0,54:9
projects/0/844607287-74f7e05d49cd35e9826228a4e839fa06f040f91d/philippbogdan-Scrabble-NEA-74f7e05/.history/dawg_20240930144546.py,python,11,0,0,0,0,0,0,0,0,0,16:5
projects/0/844607287-74f7e05d49cd35e9826228a4e839fa06f040f91d/philippbogdan-Scrabble-NEA-74f7e05/.history/dawg_20240930145012.py,python,12,0,0,0,0,0,0,0,0,0,31:5
projects/0/844607287-74f7e05d49cd35e9826228a4e839fa06f040f91d/philippbogdan-Scrabble-NEA-74f7e05/.history/dawg_20241002083655.py,python,15,0,0,0,0,0,0,0,0,0,75:17
projects/0/844607287-74f7e05d49cd35e9826228a4e839fa06f040f91d/philippbogdan-Scrabble-NEA-74f7e05/.history/dawg_20241002084113.py,python,15,0,0,0,0,0,0,0,0,0,77:35
projects/0/844607287-74f7e05d49cd35e9826228a4e839fa06f040f91d/philippbogdan-Scrabble-NEA-74f7e05/.history/dawg_20241002085522.py,python,18,0,0,0,0,0,0,0,0,0,82:20
projects/0/844607287-74f7e05d49cd35e9826228a4e839fa06f040f91d/philippbogdan-Scrabble-NEA-74f7e05/.history/dawg_20241002090510.py,python,19,0,0,0,0,0,0,0,0,0,89:9
projects/0/844607287-74f7e05d49cd35e9826228a4e839fa06f040f91d/philippbogdan-Scrabble-NEA-74f7e05/.history/dawg_20241002090514.py,python,19,0,0,0,0,0,0,0,0,0,89:9
projects/0/844607287-74f7e05d49cd35e9826228a4e839fa06f040f91d/philippbogdan-Scrabble-NEA-74f7e05/.history/dawg_20241008084206.py,python,19,0,0,0,0,0,0,0,0,0,91:37
projects/0/844607287-74f7e05d49cd35e9826228a4e839fa06f040f91d/philippbogdan-Scrabble-NEA-74f7e05/.history/dawg_20241008084952.py,python,19,0,0,0,0,0,0,0,0,0,93:32
projects/0/844607287-74f7e05d49cd35e9826228a4e839fa06f040f91d/philippbogdan-Scrabble-NEA-74f7e05/.history/dawg_20241008090953.py,python,22,0,0,0,0,0,0,0,0,0,146:24
projects/0/844607287-74f7e05d49cd35e9826228a4e839fa06f040f91d/philippbogdan-Scrabble-NEA-74f7e05/.history/dawg_20241009083611.py,python,24,0,0,0,0,0,0,0,0,0,119:5
projects/0/844607287-74f7e05d49cd35e9826228a4e839fa06f040f91d/philippbogdan-Scrabble-NEA-74f7e05/.history/dawg_20241009083725.py,python,25,0,0,0,0,0,0,0,0,0,116:40
projects/0/844607287-74f7e05d49cd35e9826228a4e839fa06f040f91d/philippbogdan-Scrabble-NEA-74f7e05/.history/dawg_20241009084537.py,python,25,0,0,0,0,0,0,0,0,0,122:9
projects/0/844607287-74f7e05d49cd35e9826228a4e839fa06f040f91d/philippbogdan-Scrabble-NEA-74f7e05/.history/dawg_20241009091424.py,python,27,0,0,0,0,0,0,0,0,0,139:9
projects/0/844607287-74f7e05d49cd35e9826228a4e839fa06f040f91d/philippbogdan-Scrabble-NEA-74f7e05/.history/dawg_20241009091803.py,python,27,0,0,0,0,0,0,0,0,0,164:1
projects/0/844607287-74f7e05d49cd35e9826228a4e839fa06f040f91d/philippbogdan-Scrabble-NEA-74f7e05/.history/dawg_20241010141323.py,python,28,0,0,0,0,0,0,0,0,0,195:5
projects/0/844607287-74f7e05d49cd35e9826228a4e839fa06f040f91d/philippbogdan-Scrabble-NEA-74f7e05/.history/dawg_20241010141341.py,python,28,0,0,0,0,0,0,0,0,0,198:5
projects/0/844607287-74f7e05d49cd35e9826228a4e839fa06f040f91d/philippbogdan-Scrabble-NEA-74f7e05/.history/dawg_20241010141450.py,python,28,0,0,0,0,0,0,0,0,0,201:15
projects/0/844607287-74f7e05d49cd35e9826228a4e839fa06f040f91d/philippbogdan-Scrabble-NEA-74f7e05/.history/dawg_20241014144732.py,python,29,0,0,0,0,0,0,0,0,0,175:23
projects/0/844607287-74f7e05d49cd35e9826228a4e839fa06f040f91d/philippbogdan-Scrabble-NEA-74f7e05/.history/dawg_20241014144824.py,python,29,0,0,0,0,0,0,0,0,0,175:37
projects/0/844607287-74f7e05d49cd35e9826228a4e839fa06f040f91d/philippbogdan-Scrabble-NEA-74f7e05/.history/dawg_20241014151318.py,python,31,0,0,0,0,0,0,0,0,0,33:9
projects/0/844607287-74f7e05d49cd35e9826228a4e839fa06f040f91d/philippbogdan-Scrabble-NEA-74f7e05/.history/dawg_20241014151615.py,python,31,0,0,0,0,0,0,0,0,0,181:83
projects/0/844607287-74f7e05d49cd35e9826228a4e839fa06f040f91d/philippbogdan-Scrabble-NEA-74f7e05/.history/dawg_20241014152148.py,python,32,0,0,0,0,0,0,0,0,0,186:9
projects/0/844607287-74f7e05d49cd35e9826228a4e839fa06f040f91d/philippbogdan-Scrabble-NEA-74f7e05/.history/dawg_20241014152204.py,python,32,0,0,0,0,0,0,0,0,0,186:9
projects/0/844607287-74f7e05d49cd35e9826228a4e839fa06f040f91d/philippbogdan-Scrabble-NEA-74f7e05/.history/dawg_20241015084835.py,python,33,0,0,0,0,0,0,0,0,0,252:5
projects/0/844607287-74f7e05d49cd35e9826228a4e839fa06f040f91d/philippbogdan-Scrabble-NEA-74f7e05/.history/dawg_20241015084841.py,python,33,0,0,0,0,0,0,0,0,0,252:5
projects/0/844607287-74f7e05d49cd35e9826228a4e839fa06f040f91d/philippbogdan-Scrabble-NEA-74f7e05/.history/dawg_20241015084845.py,python,33,0,0,0,0,0,0,0,0,0,252:5
projects/0/844607287-74f7e05d49cd35e9826228a4e839fa06f040f91d/philippbogdan-Scrabble-NEA-74f7e05/.history/dawg_20241015090054.py,python,33,0,0,0,0,0,0,0,0,0,202:51
projects/0/844607287-74f7e05d49cd35e9826228a4e839fa06f040f91d/philippbogdan-Scrabble-NEA-74f7e05/.history/machinePlayer_20241010144524.py,python,0,0,0,0,0,0,0,0,0,0,3:1
projects/0/844607287-74f7e05d49cd35e9826228a4e839fa06f040f91d/philippbogdan-Scrabble-NEA-74f7e05/.history/test1_20240828110021.py,python,0,0,0,0,0,0,0,0,0,0,9:9
projects/0/844607287-74f7e05d49cd35e9826228a4e839fa06f040f91d/philippbogdan-Scrabble-NEA-74f7e05/.history/test2_20240820143148.py,python,2,0,0,0,0,0,0,0,0,0,3:30
projects/0/844607287-74f7e05d49cd35e9826228a4e839fa06f040f91d/philippbogdan-Scrabble-NEA-74f7e05/.history/test2_20240820143335.py,python,2,0,0,0,0,0,0,0,0,0,11:26
projects/0/844607287-74f7e05d49cd35e9826228a4e839fa06f040f91d/philippbogdan-Scrabble-NEA-74f7e05/.history/test2_20240820143820.py,python,2,0,0,0,0,0,0,0,0,0,7:42
projects/0/844607287-74f7e05d49cd35e9826228a4e839fa06f040f91d/philippbogdan-Scrabble-NEA-74f7e05/.history/test2_20240820144108.py,python,2,0,0,0,0,0,0,0,0,0,10:23
projects/0/844607287-74f7e05d49cd35e9826228a4e839fa06f040f91d/philippbogdan-Scrabble-NEA-74f7e05/.history/test3_20240904182218.py,python,0,0,0,0,0,0,0,0,0,0,6:32
projects/0/844607287-74f7e05d49cd35e9826228a4e839fa06f040f91d/philippbogdan-Scrabble-NEA-74f7e05/.history/test3_20240905200857.py,python,0,0,0,0,0,0,0,0,0,0,14:28
projects/0/844607287-74f7e05d49cd35e9826228a4e839fa06f040f91d/philippbogdan-Scrabble-NEA-74f7e05/.history/test3_20240910091646.py,python,0,0,0,0,0,0,0,0,0,0,34:1
projects/0/844607287-74f7e05d49cd35e9826228a4e839fa06f040f91d/philippbogdan-Scrabble-NEA-74f7e05/.history/test3_20240911091038.py,python,0,0,0,0,0,0,0,0,0,0,6:19
projects/0/844607287-74f7e05d49cd35e9826228a4e839fa06f040f91d/philippbogdan-Scrabble-NEA-74f7e05/.history/tmuapaper_20241022133825.py,python,1,0,0,0,0,0,0,0,0,0,49:1
